accuracy,balanced_accuracy,macro_f1,weighted_f1,macro_precision,macro_recall,auc,benign_precision,benign_recall,benign_f1,malignant_precision,malignant_recall,malignant_f1,normal_precision,normal_recall,normal_f1,run_id,model,experiment,train_ratio,train_ratio_percent,shots_per_class,seed,n_train_samples,best_c,best_val_score,best_val_macro_f1,test_accuracy,test_balanced_accuracy,test_macro_f1,test_weighted_f1,test_auc,k
0.28421052631578947,0.37958079783637594,0.26713007932653393,0.28226176478106385,0.5888888888888889,0.37958079783637594,0.6262184215378941,0.6,0.23529411764705882,0.3380281690140845,1.0,0.10344827586206896,0.1875,0.16666666666666666,0.8,0.27586206896551724,openai_clip_vit_b16__linear_probe__shots1__seed1,openai_clip_vit_b16,fewshot_linear_probe,,,1,1,3,1000.0,0.3106060606060606,0.3106060606060606,0.28421052631578947,0.37958079783637594,0.26713007932653393,0.28226176478106385,0.6262184215378941,1
0.4631578947368421,0.3982871309443317,0.3941554364101821,0.4484033587809547,0.44035087719298244,0.3982871309443317,0.5201941832114246,0.5,0.5098039215686274,0.5048543689320388,0.42105263157894735,0.5517241379310345,0.47761194029850745,0.4,0.13333333333333333,0.2,openai_clip_vit_b16__linear_probe__shots1__seed2,openai_clip_vit_b16,fewshot_linear_probe,,,1,2,3,0.1,0.3912037037037037,0.3912037037037037,0.4631578947368421,0.3982871309443317,0.3941554364101821,0.4484033587809547,0.5201941832114246,1
0.23157894736842105,0.3403200360604011,0.22843315184513005,0.20184035406119655,0.3412698412698412,0.3403200360604011,0.6065121294076669,0.5714285714285714,0.0784313725490196,0.13793103448275862,0.2857142857142857,0.27586206896551724,0.2807017543859649,0.16666666666666666,0.6666666666666666,0.26666666666666666,openai_clip_vit_b16__linear_probe__shots1__seed3,openai_clip_vit_b16,fewshot_linear_probe,,,1,3,3,10.0,0.3077449370552819,0.3077449370552819,0.23157894736842105,0.3403200360604011,0.22843315184513005,0.20184035406119655,0.6065121294076669,1
0.4842105263157895,0.32129817444219066,0.2756729610285255,0.3925104142437251,0.296969696969697,0.32129817444219066,0.5257877968324216,0.55,0.8627450980392157,0.6717557251908397,0.09090909090909091,0.034482758620689655,0.05,0.25,0.06666666666666667,0.10526315789473684,openai_clip_vit_b16__linear_probe__shots1__seed4,openai_clip_vit_b16,fewshot_linear_probe,,,1,4,3,1.0,0.34743589743589737,0.34743589743589737,0.4842105263157895,0.32129817444219066,0.2756729610285255,0.3925104142437251,0.5257877968324216,1
0.5263157894736842,0.48789722785665995,0.46133420631456423,0.5134105998299984,0.48666666666666664,0.48789722785665995,0.5714353473886943,0.6666666666666666,0.47058823529411764,0.5517241379310345,0.46,0.7931034482758621,0.5822784810126582,0.3333333333333333,0.2,0.25,openai_clip_vit_b16__linear_probe__shots1__seed5,openai_clip_vit_b16,fewshot_linear_probe,,,1,5,3,1000.0,0.3395080786250901,0.3395080786250901,0.5263157894736842,0.48789722785665995,0.46133420631456423,0.5134105998299984,0.5714353473886943,1
0.49473684210526314,0.4360153256704981,0.4332216540292717,0.4849641295974904,0.4329365079365079,0.4360153256704981,0.6205341959145204,0.6071428571428571,0.6666666666666666,0.6355140186915887,0.2916666666666667,0.2413793103448276,0.2641509433962264,0.4,0.4,0.4,openai_clip_vit_b16__linear_probe__shots1__seed6,openai_clip_vit_b16,fewshot_linear_probe,,,1,6,3,1.0,0.3955113077679449,0.3955113077679449,0.49473684210526314,0.4360153256704981,0.4332216540292717,0.4849641295974904,0.6205341959145204,1
0.4842105263157895,0.5888663511381563,0.48897173035104075,0.48187570510619515,0.5280615506200389,0.5888663511381563,0.7358492122031676,0.6956521739130435,0.3137254901960784,0.43243243243243246,0.5862068965517241,0.5862068965517241,0.5862068965517241,0.3023255813953488,0.8666666666666667,0.4482758620689655,openai_clip_vit_b16__linear_probe__shots1__seed7,openai_clip_vit_b16,fewshot_linear_probe,,,1,7,3,0.1,0.4569665635722968,0.4569665635722968,0.4842105263157895,0.5888663511381563,0.48897173035104075,0.48187570510619515,0.7358492122031676,1
0.4421052631578947,0.37773270227631284,0.3729135432283858,0.4195723191036061,0.38375350140056025,0.37773270227631284,0.559824154322126,0.5,0.6274509803921569,0.5565217391304348,0.29411764705882354,0.1724137931034483,0.21739130434782608,0.35714285714285715,0.3333333333333333,0.3448275862068966,openai_clip_vit_b16__linear_probe__shots1__seed8,openai_clip_vit_b16,fewshot_linear_probe,,,1,8,3,0.1,0.41312285597999887,0.41312285597999887,0.4421052631578947,0.37773270227631284,0.3729135432283858,0.4195723191036061,0.559824154322126,1
0.4105263157894737,0.5059725039441063,0.42203007314354074,0.37804148187582914,0.44357092941998605,0.5059725039441063,0.6050258671911816,0.5555555555555556,0.19607843137254902,0.2898550724637681,0.3584905660377358,0.6551724137931034,0.4634146341463415,0.4166666666666667,0.6666666666666666,0.5128205128205128,openai_clip_vit_b16__linear_probe__shots1__seed9,openai_clip_vit_b16,fewshot_linear_probe,,,1,9,3,1e-06,0.3917748917748918,0.3917748917748918,0.4105263157894737,0.5059725039441063,0.42203007314354074,0.37804148187582914,0.6050258671911816,1
0.35789473684210527,0.42379986477349557,0.2922970761617476,0.24387133326899785,0.38311688311688313,0.42379986477349557,0.5532067633741061,0.5,0.0392156862745098,0.07272727272727272,0.36363636363636365,0.9655172413793104,0.5283018867924528,0.2857142857142857,0.26666666666666666,0.27586206896551724,openai_clip_vit_b16__linear_probe__shots1__seed10,openai_clip_vit_b16,fewshot_linear_probe,,,1,10,3,0.1,0.19015873015873017,0.19015873015873017,0.35789473684210527,0.42379986477349557,0.2922970761617476,0.24387133326899785,0.5532067633741061,1
0.3684210526315789,0.42691007437457745,0.3194437996911374,0.36134219884061675,0.38056835637480796,0.42691007437457745,0.5948121171143484,0.6774193548387096,0.4117647058823529,0.5121951219512195,0.25,0.06896551724137931,0.10810810810810811,0.21428571428571427,0.8,0.3380281690140845,openai_clip_vit_b16__linear_probe__shots2__seed1,openai_clip_vit_b16,fewshot_linear_probe,,,2,1,6,10000.0,0.5166666666666667,0.5166666666666667,0.3684210526315789,0.42691007437457745,0.3194437996911374,0.36134219884061675,0.5948121171143484,2
0.28421052631578947,0.2961911201262114,0.248193315266486,0.30030666096134645,0.3297221548494893,0.2961911201262114,0.46234326018808786,0.5806451612903226,0.35294117647058826,0.43902439024390244,0.2857142857142857,0.06896551724137931,0.1111111111111111,0.12280701754385964,0.4666666666666667,0.19444444444444445,openai_clip_vit_b16__linear_probe__shots2__seed2,openai_clip_vit_b16,fewshot_linear_probe,,,2,2,6,1000000.0,0.323511800224129,0.323511800224129,0.28421052631578947,0.2961911201262114,0.248193315266486,0.30030666096134645,0.46234326018808786,2
0.4105263157894737,0.40518368266846966,0.380603329435365,0.4175786861695181,0.3749315818281336,0.40518368266846966,0.5496100969123282,0.6190476190476191,0.5098039215686274,0.5591397849462365,0.1724137931034483,0.1724137931034483,0.1724137931034483,0.3333333333333333,0.5333333333333333,0.41025641025641024,openai_clip_vit_b16__linear_probe__shots2__seed3,openai_clip_vit_b16,fewshot_linear_probe,,,2,3,6,1e-06,0.25985634757564585,0.25985634757564585,0.4105263157894737,0.40518368266846966,0.380603329435365,0.4175786861695181,0.5496100969123282,2
0.42105263157894735,0.40757268424611226,0.32974586766852787,0.3894997940707675,0.3265664160401002,0.40757268424611226,0.5639921015428115,0.6,0.5882352941176471,0.594059405940594,0.14285714285714285,0.034482758620689655,0.05555555555555555,0.23684210526315788,0.6,0.33962264150943394,openai_clip_vit_b16__linear_probe__shots2__seed4,openai_clip_vit_b16,fewshot_linear_probe,,,2,4,6,10000.0,0.42157414043405556,0.42157414043405556,0.42105263157894735,0.40757268424611226,0.32974586766852787,0.3894997940707675,0.5639921015428115,2
0.29473684210526313,0.39026369168357,0.2971102971102971,0.28000771158665894,0.3165123456790123,0.39026369168357,0.5663981600999856,0.37037037037037035,0.19607843137254902,0.2564102564102564,0.35,0.2413793103448276,0.2857142857142857,0.22916666666666666,0.7333333333333333,0.3492063492063492,openai_clip_vit_b16__linear_probe__shots2__seed5,openai_clip_vit_b16,fewshot_linear_probe,,,2,5,6,1.0,0.44669125777317803,0.44669125777317803,0.29473684210526313,0.39026369168357,0.2971102971102971,0.28000771158665894,0.5663981600999856,2
0.35789473684210527,0.4046878521523552,0.3111111111111111,0.35157894736842105,0.344622697563874,0.4046878521523552,0.6103976888561068,0.6363636363636364,0.4117647058823529,0.5,0.18181818181818182,0.06896551724137931,0.1,0.21568627450980393,0.7333333333333333,0.3333333333333333,openai_clip_vit_b16__linear_probe__shots2__seed6,openai_clip_vit_b16,fewshot_linear_probe,,,2,6,6,100000.0,0.4793423630632933,0.4793423630632933,0.35789473684210527,0.4046878521523552,0.3111111111111111,0.35157894736842105,0.6103976888561068,2
0.5052631578947369,0.4276763578994817,0.39565243074015005,0.48510590671255494,0.4393358876117497,0.4276763578994817,0.623596051795849,0.6666666666666666,0.7450980392156863,0.7037037037037037,0.4444444444444444,0.13793103448275862,0.21052631578947367,0.20689655172413793,0.4,0.2727272727272727,openai_clip_vit_b16__linear_probe__shots2__seed7,openai_clip_vit_b16,fewshot_linear_probe,,,2,7,6,100000.0,0.3664826375106749,0.3664826375106749,0.5052631578947369,0.4276763578994817,0.39565243074015005,0.48510590671255494,0.623596051795849,2
0.45263157894736844,0.39833220644579675,0.3954643155674083,0.4639936774228689,0.3993070804665008,0.39833220644579675,0.5975573688200463,0.6086956521739131,0.5490196078431373,0.5773195876288659,0.4074074074074074,0.3793103448275862,0.39285714285714285,0.18181818181818182,0.26666666666666666,0.21621621621621623,openai_clip_vit_b16__linear_probe__shots2__seed8,openai_clip_vit_b16,fewshot_linear_probe,,,2,8,6,100000.0,0.5423719958202716,0.5423719958202716,0.45263157894736844,0.39833220644579675,0.3954643155674083,0.4639936774228689,0.5975573688200463,2
0.4631578947368421,0.5353166553977914,0.4597341146556877,0.46589110496936437,0.4735964912280702,0.5353166553977914,0.6504504989038457,0.625,0.39215686274509803,0.4819277108433735,0.48,0.41379310344827586,0.4444444444444444,0.3157894736842105,0.8,0.4528301886792453,openai_clip_vit_b16__linear_probe__shots2__seed9,openai_clip_vit_b16,fewshot_linear_probe,,,2,9,6,0.1,0.397627343620375,0.397627343620375,0.4631578947368421,0.5353166553977914,0.4597341146556877,0.46589110496936437,0.6504504989038457,2
0.4105263157894737,0.4539553752535497,0.39905320572193065,0.4077593799255781,0.455357624831309,0.4539553752535497,0.6726645255803471,0.7368421052631579,0.27450980392156865,0.4,0.36,0.6206896551724138,0.45569620253164556,0.2692307692307692,0.4666666666666667,0.34146341463414637,openai_clip_vit_b16__linear_probe__shots2__seed10,openai_clip_vit_b16,fewshot_linear_probe,,,2,10,6,10.0,0.44639376218323584,0.44639376218323584,0.4105263157894737,0.4539553752535497,0.39905320572193065,0.4077593799255781,0.6726645255803471,2
0.5578947368421052,0.5413116970926302,0.5205441139079583,0.5707230318358826,0.5185121837193126,0.5413116970926302,0.6946649046243366,0.7560975609756098,0.6078431372549019,0.6739130434782609,0.45161290322580644,0.4827586206896552,0.4666666666666667,0.34782608695652173,0.5333333333333333,0.42105263157894735,openai_clip_vit_b16__linear_probe__shots4__seed1,openai_clip_vit_b16,fewshot_linear_probe,,,4,1,12,10.0,0.6465201465201464,0.6465201465201464,0.5578947368421052,0.5413116970926302,0.5205441139079583,0.5707230318358826,0.6946649046243366,4
0.3263157894736842,0.43962136578769434,0.3264520202020202,0.2955841307814992,0.3780857780857781,0.43962136578769434,0.592602905320958,0.5384615384615384,0.13725490196078433,0.21875,0.35135135135135137,0.4482758620689655,0.3939393939393939,0.24444444444444444,0.7333333333333333,0.36666666666666664,openai_clip_vit_b16__linear_probe__shots4__seed2,openai_clip_vit_b16,fewshot_linear_probe,,,4,2,12,100000.0,0.5584895267087048,0.5584895267087048,0.3263157894736842,0.43962136578769434,0.3264520202020202,0.2955841307814992,0.592602905320958,4
0.49473684210526314,0.5384268649988732,0.4854375582223683,0.5199507687515681,0.5304232804232805,0.5384268649988732,0.6925282234105765,0.7857142857142857,0.43137254901960786,0.5569620253164557,0.5555555555555556,0.5172413793103449,0.5357142857142857,0.25,0.6666666666666666,0.36363636363636365,openai_clip_vit_b16__linear_probe__shots4__seed3,openai_clip_vit_b16,fewshot_linear_probe,,,4,3,12,1000.0,0.6143892339544514,0.6143892339544514,0.49473684210526314,0.5384268649988732,0.4854375582223683,0.5199507687515681,0.6925282234105765,4
0.5894736842105263,0.6022086995717827,0.5677233161104129,0.5991453707582738,0.5666802333469,0.6022086995717827,0.7493338557993731,0.7142857142857143,0.5882352941176471,0.6451612903225806,0.6153846153846154,0.5517241379310345,0.5818181818181818,0.37037037037037035,0.6666666666666666,0.47619047619047616,openai_clip_vit_b16__linear_probe__shots4__seed4,openai_clip_vit_b16,fewshot_linear_probe,,,4,4,12,0.1,0.5841269841269842,0.5841269841269842,0.5894736842105263,0.6022086995717827,0.5677233161104129,0.5991453707582738,0.7493338557993731,4
0.4842105263157895,0.43110209601081806,0.38284957301350747,0.4196241722039824,0.37741262389149705,0.43110209601081806,0.6523560657282766,0.5211267605633803,0.7254901960784313,0.6065573770491803,0.16666666666666666,0.034482758620689655,0.05714285714285714,0.4444444444444444,0.5333333333333333,0.48484848484848486,openai_clip_vit_b16__linear_probe__shots4__seed5,openai_clip_vit_b16,fewshot_linear_probe,,,4,5,12,1000000.0,0.591077846089875,0.591077846089875,0.4842105263157895,0.43110209601081806,0.38284957301350747,0.4196241722039824,0.6523560657282766,4
0.4105263157894737,0.46053639846743294,0.4178433189772665,0.4095039840237348,0.4131944444444444,0.46053639846743294,0.652259768066056,0.53125,0.3333333333333333,0.40963855421686746,0.3333333333333333,0.4482758620689655,0.38235294117647056,0.375,0.6,0.46153846153846156,openai_clip_vit_b16__linear_probe__shots4__seed6,openai_clip_vit_b16,fewshot_linear_probe,,,4,6,12,100.0,0.4916638628534808,0.4916638628534808,0.4105263157894737,0.46053639846743294,0.4178433189772665,0.4095039840237348,0.652259768066056,4
0.4631578947368421,0.5188190218616182,0.4590438800965117,0.4796195494256436,0.49647266313932975,0.5188190218616182,0.7205725613129265,0.7037037037037037,0.37254901960784315,0.48717948717948717,0.5357142857142857,0.5172413793103449,0.5263157894736842,0.25,0.6666666666666666,0.36363636363636365,openai_clip_vit_b16__linear_probe__shots4__seed7,openai_clip_vit_b16,fewshot_linear_probe,,,4,7,12,1000.0,0.5721976115075892,0.5721976115075892,0.4631578947368421,0.5188190218616182,0.4590438800965117,0.4796195494256436,0.7205725613129265,4
0.631578947368421,0.6539553752535497,0.6151404151404151,0.6379872758820128,0.6046594982078853,0.6539553752535497,0.8167134837215974,0.775,0.6078431372549019,0.6813186813186813,0.5806451612903226,0.6206896551724138,0.6,0.4583333333333333,0.7333333333333333,0.5641025641025641,openai_clip_vit_b16__linear_probe__shots4__seed8,openai_clip_vit_b16,fewshot_linear_probe,,,4,8,12,100000.0,0.7119097025718418,0.7119097025718418,0.631578947368421,0.6539553752535497,0.6151404151404151,0.6379872758820128,0.8167134837215974,4
0.6421052631578947,0.6043272481406355,0.602353418543315,0.6364673094788096,0.6044191919191919,0.6043272481406355,0.7558082856967238,0.7090909090909091,0.7647058823529411,0.7358490566037735,0.5416666666666666,0.4482758620689655,0.49056603773584906,0.5625,0.6,0.5806451612903226,openai_clip_vit_b16__linear_probe__shots4__seed9,openai_clip_vit_b16,fewshot_linear_probe,,,4,9,12,0.1,0.580888496616652,0.580888496616652,0.6421052631578947,0.6043272481406355,0.602353418543315,0.6364673094788096,0.7558082856967238,4
0.49473684210526314,0.5392382240252424,0.4864421229066423,0.5213016328588606,0.553921568627451,0.5392382240252424,0.7206521605507407,0.7058823529411765,0.47058823529411764,0.5647058823529412,0.7058823529411765,0.41379310344827586,0.5217391304347826,0.25,0.7333333333333333,0.3728813559322034,openai_clip_vit_b16__linear_probe__shots4__seed10,openai_clip_vit_b16,fewshot_linear_probe,,,4,10,12,10000.0,0.5611276768772026,0.5611276768772026,0.49473684210526314,0.5392382240252424,0.4864421229066423,0.5213016328588606,0.7206521605507407,4
0.5368421052631579,0.5703403200360604,0.5199720587361037,0.5446467291825069,0.519558154645874,0.5703403200360604,0.7282091708156617,0.7105263157894737,0.5294117647058824,0.6067415730337079,0.48148148148148145,0.4482758620689655,0.4642857142857143,0.36666666666666664,0.7333333333333333,0.4888888888888889,openai_clip_vit_b16__linear_probe__shots8__seed1,openai_clip_vit_b16,fewshot_linear_probe,,,8,1,24,10.0,0.5615272219045804,0.5615272219045804,0.5368421052631579,0.5703403200360604,0.5199720587361037,0.5446467291825069,0.7282091708156617,8
0.47368421052631576,0.582330403425738,0.47507812913819586,0.46825796415398896,0.5356502602524634,0.582330403425738,0.7768889708443462,0.7894736842105263,0.29411764705882354,0.42857142857142855,0.5151515151515151,0.5862068965517241,0.5483870967741935,0.3023255813953488,0.8666666666666667,0.4482758620689655,openai_clip_vit_b16__linear_probe__shots8__seed2,openai_clip_vit_b16,fewshot_linear_probe,,,8,2,24,1000.0,0.635644957678856,0.635644957678856,0.47368421052631576,0.582330403425738,0.47507812913819586,0.46825796415398896,0.7768889708443462,8
0.4631578947368421,0.5031327473518142,0.4532163742690058,0.4878116343490304,0.5048800661703888,0.5031327473518142,0.7582246399082099,0.8,0.39215686274509803,0.5263157894736842,0.4838709677419355,0.5172413793103449,0.5,0.23076923076923078,0.6,0.3333333333333333,openai_clip_vit_b16__linear_probe__shots8__seed3,openai_clip_vit_b16,fewshot_linear_probe,,,8,3,24,100.0,0.49690346083788706,0.49690346083788706,0.4631578947368421,0.5031327473518142,0.4532163742690058,0.4878116343490304,0.7582246399082099,8
0.5894736842105263,0.6385395537525355,0.5811411869360783,0.5953608764572507,0.5770833333333333,0.6385395537525355,0.7867935439588584,0.7714285714285715,0.5294117647058824,0.627906976744186,0.53125,0.5862068965517241,0.5573770491803278,0.42857142857142855,0.8,0.5581395348837209,openai_clip_vit_b16__linear_probe__shots8__seed4,openai_clip_vit_b16,fewshot_linear_probe,,,8,4,24,1000.0,0.640620687132315,0.640620687132315,0.5894736842105263,0.6385395537525355,0.5811411869360783,0.5953608764572507,0.7867935439588584,8
0.4421052631578947,0.46608068514762224,0.4185637057977483,0.4395108810562338,0.4101902537103541,0.46608068514762224,0.6194071034892535,0.5813953488372093,0.49019607843137253,0.5319148936170213,0.30434782608695654,0.2413793103448276,0.2692307692307692,0.3448275862068966,0.6666666666666666,0.45454545454545453,openai_clip_vit_b16__linear_probe__shots8__seed5,openai_clip_vit_b16,fewshot_linear_probe,,,8,5,24,1.0,0.593703220821865,0.593703220821865,0.4421052631578947,0.46608068514762224,0.4185637057977483,0.4395108810562338,0.6194071034892535,8
0.4,0.4597701149425288,0.3992063492063493,0.40037593984962405,0.4027577360910694,0.4597701149425288,0.6317985125084516,0.5151515151515151,0.3333333333333333,0.40476190476190477,0.4074074074074074,0.3793103448275862,0.39285714285714285,0.2857142857142857,0.6666666666666666,0.4,openai_clip_vit_b16__linear_probe__shots8__seed6,openai_clip_vit_b16,fewshot_linear_probe,,,8,6,24,1e-06,0.5448807148996903,0.5448807148996903,0.4,0.4597701149425288,0.3992063492063493,0.40037593984962405,0.6317985125084516,8
0.6736842105263158,0.6652242506197882,0.6386234817813765,0.6755261027061582,0.6353149955634428,0.6652242506197882,0.8237774294670847,0.7755102040816326,0.7450980392156863,0.76,0.6521739130434783,0.5172413793103449,0.5769230769230769,0.4782608695652174,0.7333333333333333,0.5789473684210527,openai_clip_vit_b16__linear_probe__shots8__seed7,openai_clip_vit_b16,fewshot_linear_probe,,,8,7,24,1000.0,0.5013886019876518,0.5013886019876518,0.6736842105263158,0.6652242506197882,0.6386234817813765,0.6755261027061582,0.8237774294670847,8
0.45263157894736844,0.5097588460671625,0.4161018964389751,0.44274121633672203,0.4291559691912709,0.5097588460671625,0.6919109451513102,0.6578947368421053,0.49019607843137253,0.5617977528089888,0.3125,0.1724137931034483,0.2222222222222222,0.3170731707317073,0.8666666666666667,0.4642857142857143,openai_clip_vit_b16__linear_probe__shots8__seed8,openai_clip_vit_b16,fewshot_linear_probe,,,8,8,24,10.0,0.5997445721583653,0.5997445721583653,0.45263157894736844,0.5097588460671625,0.4161018964389751,0.44274121633672203,0.6919109451513102,8
0.5368421052631579,0.6066711742168132,0.5293655404286608,0.5477573983454506,0.5555555555555556,0.6066711742168132,0.73895132870285,0.75,0.47058823529411764,0.5783132530120482,0.5833333333333334,0.4827586206896552,0.5283018867924528,0.3333333333333333,0.8666666666666667,0.48148148148148145,openai_clip_vit_b16__linear_probe__shots8__seed9,openai_clip_vit_b16,fewshot_linear_probe,,,8,9,24,100000.0,0.5885851195824241,0.5885851195824241,0.5368421052631579,0.6066711742168132,0.5293655404286608,0.5477573983454506,0.73895132870285,8
0.49473684210526314,0.5392382240252424,0.48168143226282756,0.5028282916593809,0.4878306878306878,0.5392382240252424,0.7036580306103631,0.6857142857142857,0.47058823529411764,0.5581395348837209,0.4444444444444444,0.41379310344827586,0.42857142857142855,0.3333333333333333,0.7333333333333333,0.4583333333333333,openai_clip_vit_b16__linear_probe__shots8__seed10,openai_clip_vit_b16,fewshot_linear_probe,,,8,10,24,1000.0,0.6403127014829142,0.6403127014829142,0.49473684210526314,0.5392382240252424,0.48168143226282756,0.5028282916593809,0.7036580306103631,8
0.5894736842105263,0.6170836150552175,0.5732769836783405,0.5985642455488637,0.5713734567901234,0.6170836150552175,0.8038873010019055,0.75,0.5294117647058824,0.6206896551724138,0.59375,0.6551724137931034,0.6229508196721312,0.37037037037037035,0.6666666666666666,0.47619047619047616,openai_clip_vit_b16__linear_probe__shots16__seed1,openai_clip_vit_b16,fewshot_linear_probe,,,16,1,48,1000.0,0.6349206349206349,0.6349206349206349,0.5894736842105263,0.6170836150552175,0.5732769836783405,0.5985642455488637,0.8038873010019055,16
0.5473684210526316,0.5876042370971377,0.5316197247288305,0.5492163550796598,0.5276422764227643,0.5876042370971377,0.7489199807404675,0.6829268292682927,0.5490196078431373,0.6086956521739131,0.5,0.41379310344827586,0.4528301886792453,0.4,0.8,0.5333333333333333,openai_clip_vit_b16__linear_probe__shots16__seed2,openai_clip_vit_b16,fewshot_linear_probe,,,16,2,48,100.0,0.6542561904264032,0.6542561904264032,0.5473684210526316,0.5876042370971377,0.5316197247288305,0.5492163550796598,0.7489199807404675,16
0.6,0.6706783862970477,0.5996834706512125,0.599947081780698,0.5938697318007663,0.6706783862970477,0.8118781629684267,0.7575757575757576,0.49019607843137253,0.5952380952380952,0.5757575757575758,0.6551724137931034,0.6129032258064516,0.4482758620689655,0.8666666666666667,0.5909090909090909,openai_clip_vit_b16__linear_probe__shots16__seed3,openai_clip_vit_b16,fewshot_linear_probe,,,16,3,48,100.0,0.6496598639455783,0.6496598639455783,0.6,0.6706783862970477,0.5996834706512125,0.599947081780698,0.8118781629684267,16
0.5157894736842106,0.536623844940275,0.4936026936026936,0.5254864433811801,0.4957264957264957,0.536623844940275,0.7613841252279386,0.6923076923076923,0.5294117647058824,0.6,0.46153846153846156,0.41379310344827586,0.43636363636363634,0.3333333333333333,0.6666666666666666,0.4444444444444444,openai_clip_vit_b16__linear_probe__shots16__seed4,openai_clip_vit_b16,fewshot_linear_probe,,,16,4,48,100.0,0.5614132337495623,0.5614132337495623,0.5157894736842106,0.536623844940275,0.4936026936026936,0.5254864433811801,0.7613841252279386,16
0.4842105263157895,0.5583051611449178,0.48034188034188036,0.49063427800269904,0.5055593227636238,0.5583051611449178,0.7436926567910341,0.7407407407407407,0.39215686274509803,0.5128205128205128,0.45161290322580644,0.4827586206896552,0.4666666666666667,0.32432432432432434,0.8,0.46153846153846156,openai_clip_vit_b16__linear_probe__shots16__seed5,openai_clip_vit_b16,fewshot_linear_probe,,,16,5,48,100.0,0.6078186213219972,0.6078186213219972,0.4842105263157895,0.5583051611449178,0.48034188034188036,0.49063427800269904,0.7436926567910341,16
0.6210526315789474,0.6523777327022763,0.6092592592592593,0.626140350877193,0.5988309897987317,0.6523777327022763,0.7961954740098757,0.7435897435897436,0.5686274509803921,0.6444444444444445,0.6129032258064516,0.6551724137931034,0.6333333333333333,0.44,0.7333333333333333,0.55,openai_clip_vit_b16__linear_probe__shots16__seed6,openai_clip_vit_b16,fewshot_linear_probe,,,16,6,48,10.0,0.6810307881603141,0.6810307881603141,0.6210526315789474,0.6523777327022763,0.6092592592592593,0.626140350877193,0.7961954740098757,16
0.6421052631578947,0.6654496281271128,0.6221826375567127,0.6520372320222315,0.6172565408558618,0.6654496281271128,0.8333836334951954,0.8157894736842105,0.6078431372549019,0.6966292134831461,0.6129032258064516,0.6551724137931034,0.6333333333333333,0.4230769230769231,0.7333333333333333,0.5365853658536586,openai_clip_vit_b16__linear_probe__shots16__seed7,openai_clip_vit_b16,fewshot_linear_probe,,,16,7,48,100.0,0.7175627240143369,0.7175627240143369,0.6421052631578947,0.6654496281271128,0.6221826375567127,0.6520372320222315,0.8333836334951954,16
0.5789473684210527,0.6377732702276313,0.5715226802183323,0.5822045231656215,0.5682133746649876,0.6377732702276313,0.7825479439424673,0.7297297297297297,0.5294117647058824,0.6136363636363636,0.5555555555555556,0.5172413793103449,0.5357142857142857,0.41935483870967744,0.8666666666666667,0.5652173913043478,openai_clip_vit_b16__linear_probe__shots16__seed8,openai_clip_vit_b16,fewshot_linear_probe,,,16,8,48,100.0,0.6183844185420851,0.6183844185420851,0.5789473684210527,0.6377732702276313,0.5715226802183323,0.5822045231656215,0.7825479439424673,16
0.6105263157894737,0.672256028848321,0.6091999190273759,0.6120808397588119,0.5994548661215328,0.672256028848321,0.8328898006433504,0.7714285714285715,0.5294117647058824,0.627906976744186,0.5454545454545454,0.6206896551724138,0.5806451612903226,0.48148148148148145,0.8666666666666667,0.6190476190476191,openai_clip_vit_b16__linear_probe__shots16__seed9,openai_clip_vit_b16,fewshot_linear_probe,,,16,9,48,10000.0,0.702260835158238,0.702260835158238,0.6105263157894737,0.672256028848321,0.6091999190273759,0.6120808397588119,0.8328898006433504,16
0.6105263157894737,0.6194275411313951,0.5839793281653747,0.6274989800081598,0.5907151391022359,0.6194275411313951,0.8062014157805234,0.8055555555555556,0.5686274509803921,0.6666666666666666,0.6451612903225806,0.6896551724137931,0.6666666666666666,0.32142857142857145,0.6,0.4186046511627907,openai_clip_vit_b16__linear_probe__shots16__seed10,openai_clip_vit_b16,fewshot_linear_probe,,,16,10,48,1000000.0,0.5968646319794959,0.5968646319794959,0.6105263157894737,0.6194275411313951,0.5839793281653747,0.6274989800081598,0.8062014157805234,16
0.6947368421052632,0.739418526031102,0.6840067340067341,0.7040031897926634,0.6821888201198547,0.739418526031102,0.848955324031389,0.8205128205128205,0.6274509803921569,0.7111111111111111,0.7777777777777778,0.7241379310344828,0.75,0.4482758620689655,0.8666666666666667,0.5909090909090909,openai_clip_vit_b16__linear_probe__shots32__seed1,openai_clip_vit_b16,fewshot_linear_probe,,,32,1,96,100.0,0.6613526570048309,0.6613526570048309,0.6947368421052632,0.739418526031102,0.6840067340067341,0.7040031897926634,0.848955324031389,32
0.6631578947368421,0.6727518593644354,0.6394394394394395,0.6706116642958748,0.6309017779606015,0.6727518593644354,0.8149906775667425,0.8205128205128205,0.6274509803921569,0.7111111111111111,0.6176470588235294,0.7241379310344828,0.6666666666666666,0.45454545454545453,0.6666666666666666,0.5405405405405406,openai_clip_vit_b16__linear_probe__shots32__seed2,openai_clip_vit_b16,fewshot_linear_probe,,,32,2,96,10.0,0.7391246005261577,0.7391246005261577,0.6631578947368421,0.6727518593644354,0.6394394394394395,0.6706116642958748,0.8149906775667425,32
0.5894736842105263,0.6599954924498536,0.5815966978757676,0.5938196442480408,0.5867054514113338,0.6599954924498536,0.821392013440695,0.7714285714285715,0.5294117647058824,0.627906976744186,0.5769230769230769,0.5172413793103449,0.5454545454545454,0.4117647058823529,0.9333333333333333,0.5714285714285714,openai_clip_vit_b16__linear_probe__shots32__seed3,openai_clip_vit_b16,fewshot_linear_probe,,,32,3,96,100000.0,0.674836028313527,0.674836028313527,0.5894736842105263,0.6599954924498536,0.5815966978757676,0.5938196442480408,0.821392013440695,32
0.631578947368421,0.6473743520396664,0.6100817750328815,0.634084568085164,0.6038707880813144,0.6473743520396664,0.8180061261704262,0.7777777777777778,0.5490196078431373,0.6436781609195402,0.6052631578947368,0.7931034482758621,0.6865671641791045,0.42857142857142855,0.6,0.5,openai_clip_vit_b16__linear_probe__shots32__seed4,openai_clip_vit_b16,fewshot_linear_probe,,,32,4,96,100000.0,0.6082732082732082,0.6082732082732082,0.631578947368421,0.6473743520396664,0.6100817750328815,0.634084568085164,0.8180061261704262,32
0.5894736842105263,0.6484561640748253,0.5838407494145198,0.59392333292247,0.5837752525252525,0.6484561640748253,0.8174002704530089,0.7575757575757576,0.49019607843137253,0.5952380952380952,0.59375,0.6551724137931034,0.6229508196721312,0.4,0.8,0.5333333333333333,openai_clip_vit_b16__linear_probe__shots32__seed5,openai_clip_vit_b16,fewshot_linear_probe,,,32,5,96,10.0,0.7279550737177857,0.7279550737177857,0.5894736842105263,0.6484561640748253,0.5838407494145198,0.59392333292247,0.8174002704530089,32
0.5473684210526316,0.6123957629028624,0.5423088764048116,0.5529027709210493,0.5522727272727272,0.6123957629028624,0.7386051181183028,0.7666666666666667,0.45098039215686275,0.5679012345679012,0.5151515151515151,0.5862068965517241,0.5483870967741935,0.375,0.8,0.5106382978723404,openai_clip_vit_b16__linear_probe__shots32__seed6,openai_clip_vit_b16,fewshot_linear_probe,,,32,6,96,1.0,0.6881136950904393,0.6881136950904393,0.5473684210526316,0.6123957629028624,0.5423088764048116,0.5529027709210493,0.7386051181183028,32
0.5894736842105263,0.6228532792427316,0.5733164491200727,0.6004152696176444,0.5745849297573437,0.6228532792427316,0.8281548753252608,0.7777777777777778,0.5490196078431373,0.6436781609195402,0.5666666666666667,0.5862068965517241,0.576271186440678,0.3793103448275862,0.7333333333333333,0.5,openai_clip_vit_b16__linear_probe__shots32__seed7,openai_clip_vit_b16,fewshot_linear_probe,,,32,7,96,100.0,0.7303879617743546,0.7303879617743546,0.5894736842105263,0.6228532792427316,0.5733164491200727,0.6004152696176444,0.8281548753252608,32
0.6631578947368421,0.6677935542032905,0.6500206782464847,0.6675231814026381,0.6431683784624962,0.6677935542032905,0.832705528920032,0.7857142857142857,0.6470588235294118,0.7096774193548387,0.5555555555555556,0.6896551724137931,0.6153846153846154,0.5882352941176471,0.6666666666666666,0.625,openai_clip_vit_b16__linear_probe__shots32__seed8,openai_clip_vit_b16,fewshot_linear_probe,,,32,8,96,1000000.0,0.6627594627594627,0.6627594627594627,0.6631578947368421,0.6677935542032905,0.6500206782464847,0.6675231814026381,0.832705528920032,32
0.6947368421052632,0.7386071670047331,0.6839156715317706,0.6986615144672828,0.6820715516367691,0.7386071670047331,0.8729777490933678,0.9090909090909091,0.5882352941176471,0.7142857142857143,0.6153846153846154,0.8275862068965517,0.7058823529411765,0.5217391304347826,0.8,0.631578947368421,openai_clip_vit_b16__linear_probe__shots32__seed9,openai_clip_vit_b16,fewshot_linear_probe,,,32,9,96,100.0,0.6555953258237709,0.6555953258237709,0.6947368421052632,0.7386071670047331,0.6839156715317706,0.6986615144672828,0.8729777490933678,32
0.6105263157894737,0.6293441514536849,0.591655266757866,0.6135574915400677,0.588034188034188,0.6293441514536849,0.8055657999877067,0.7714285714285715,0.5294117647058824,0.627906976744186,0.5641025641025641,0.7586206896551724,0.6470588235294118,0.42857142857142855,0.6,0.5,openai_clip_vit_b16__linear_probe__shots32__seed10,openai_clip_vit_b16,fewshot_linear_probe,,,32,10,96,100.0,0.6036556036556037,0.6036556036556037,0.6105263157894737,0.6293441514536849,0.591655266757866,0.6135574915400677,0.8055657999877067,32
0.5368421052631579,0.4423258958755916,0.4119815668202764,0.47711860295901043,0.4834474885844749,0.4423258958755916,0.5991391603663409,0.5753424657534246,0.8235294117647058,0.6774193548387096,0.5,0.10344827586206896,0.17142857142857143,0.375,0.4,0.3870967741935484,biomedclip_vit_b16__linear_probe__shots1__seed1,biomedclip_vit_b16,fewshot_linear_probe,,,1,1,3,100000.0,0.4019537818252161,0.4019537818252161,0.5368421052631579,0.4423258958755916,0.4119815668202764,0.47711860295901043,0.5991391603663409,1
0.3473684210526316,0.2603110209601082,0.24618149146451032,0.330316356930061,0.2336898395721925,0.2603110209601082,0.4811804659167742,0.43636363636363634,0.47058823529411764,0.4528301886792453,0.2647058823529412,0.3103448275862069,0.2857142857142857,0.0,0.0,0.0,biomedclip_vit_b16__linear_probe__shots1__seed2,biomedclip_vit_b16,fewshot_linear_probe,,,1,2,3,1e-06,0.2864873468088493,0.2864873468088493,0.3473684210526316,0.2603110209601082,0.24618149146451032,0.330316356930061,0.4811804659167742,1
0.49473684210526314,0.42528735632183906,0.4456544313513025,0.49122407807409624,0.49673579109062976,0.42528735632183906,0.6190034728624991,0.6071428571428571,0.6666666666666666,0.6355140186915887,0.25806451612903225,0.27586206896551724,0.26666666666666666,0.625,0.3333333333333333,0.43478260869565216,biomedclip_vit_b16__linear_probe__shots1__seed3,biomedclip_vit_b16,fewshot_linear_probe,,,1,3,3,10.0,0.38311688311688313,0.38311688311688313,0.49473684210526314,0.42528735632183906,0.4456544313513025,0.49122407807409624,0.6190034728624991,1
0.47368421052631576,0.47171512283074146,0.4452798663324979,0.46893549663632766,0.4549752847625188,0.47171512283074146,0.6707384698916138,0.6060606060606061,0.39215686274509803,0.47619047619047616,0.425531914893617,0.6896551724137931,0.5263157894736842,0.3333333333333333,0.3333333333333333,0.3333333333333333,biomedclip_vit_b16__linear_probe__shots1__seed4,biomedclip_vit_b16,fewshot_linear_probe,,,1,4,3,1000000.0,0.45094017094017097,0.45094017094017097,0.47368421052631576,0.47171512283074146,0.4452798663324979,0.46893549663632766,0.6707384698916138,1
0.5789473684210527,0.6220869957178274,0.560333772063042,0.600043961782557,0.5879629629629629,0.6220869957178274,0.7249331550802139,0.875,0.5490196078431373,0.6746987951807228,0.5555555555555556,0.5172413793103449,0.5357142857142857,0.3333333333333333,0.8,0.47058823529411764,biomedclip_vit_b16__linear_probe__shots1__seed5,biomedclip_vit_b16,fewshot_linear_probe,,,1,5,3,0.1,0.5451033314810404,0.5451033314810404,0.5789473684210527,0.6220869957178274,0.560333772063042,0.600043961782557,0.7249331550802139,1
0.4631578947368421,0.5476673427991886,0.4296181630546956,0.474215414697735,0.6911626154136047,0.5476673427991886,0.8359674329501915,0.8275862068965517,0.47058823529411764,0.6,1.0,0.1724137931034483,0.29411764705882354,0.2459016393442623,1.0,0.39473684210526316,biomedclip_vit_b16__linear_probe__shots1__seed6,biomedclip_vit_b16,fewshot_linear_probe,,,1,6,3,1.0,0.42798987938112215,0.42798987938112215,0.4631578947368421,0.5476673427991886,0.4296181630546956,0.474215414697735,0.8359674329501915,1
0.4105263157894737,0.4737885958981294,0.3898809523809524,0.38731203007518794,0.47781548516842637,0.4737885958981294,0.7721319687749708,0.7692307692307693,0.19607843137254902,0.3125,0.4583333333333333,0.7586206896551724,0.5714285714285714,0.20588235294117646,0.4666666666666667,0.2857142857142857,biomedclip_vit_b16__linear_probe__shots1__seed7,biomedclip_vit_b16,fewshot_linear_probe,,,1,7,3,0.1,0.4023611111111111,0.4023611111111111,0.4105263157894737,0.4737885958981294,0.3898809523809524,0.38731203007518794,0.7721319687749708,1
0.42105263157894735,0.43894523326572005,0.3347922502334267,0.37584586466165415,0.3835485413677666,0.43894523326572005,0.5937756366914582,0.5490196078431373,0.5490196078431373,0.5490196078431373,0.3333333333333333,0.034482758620689655,0.0625,0.2682926829268293,0.7333333333333333,0.39285714285714285,biomedclip_vit_b16__linear_probe__shots1__seed8,biomedclip_vit_b16,fewshot_linear_probe,,,1,8,3,0.1,0.38943591391432747,0.38943591391432747,0.42105263157894735,0.43894523326572005,0.3347922502334267,0.37584586466165415,0.5937756366914582,1
0.25263157894736843,0.3121027721433401,0.3049958748406188,0.2590530471452426,0.313386524822695,0.3121027721433401,0.5538896572213002,0.3125,0.19607843137254902,0.24096385542168675,0.1276595744680851,0.20689655172413793,0.15789473684210525,0.5,0.5333333333333333,0.5161290322580645,biomedclip_vit_b16__linear_probe__shots1__seed9,biomedclip_vit_b16,fewshot_linear_probe,,,1,9,3,1.0,0.27556390977443607,0.27556390977443607,0.25263157894736843,0.3121027721433401,0.3049958748406188,0.2590530471452426,0.5538896572213002,1
0.4,0.5629930132972729,0.39685529634300126,0.3475062222074733,0.4835222978080121,0.5629930132972729,0.7866546806810498,0.7,0.13725490196078433,0.22950819672131148,0.4444444444444444,0.5517241379310345,0.49230769230769234,0.30612244897959184,1.0,0.46875,biomedclip_vit_b16__linear_probe__shots1__seed10,biomedclip_vit_b16,fewshot_linear_probe,,,1,10,3,100.0,0.4105122414354894,0.4105122414354894,0.4,0.5629930132972729,0.39685529634300126,0.3475062222074733,0.7866546806810498,1
0.6,0.656614829839982,0.5906969881406887,0.596579952065745,0.5795703338806787,0.656614829839982,0.7944489007724301,0.7142857142857143,0.5882352941176471,0.6451612903225806,0.5416666666666666,0.4482758620689655,0.49056603773584906,0.4827586206896552,0.9333333333333333,0.6363636363636364,biomedclip_vit_b16__linear_probe__shots2__seed1,biomedclip_vit_b16,fewshot_linear_probe,,,2,1,6,10.0,0.6802840858225657,0.6802840858225657,0.6,0.656614829839982,0.5906969881406887,0.596579952065745,0.7944489007724301,2
0.49473684210526314,0.5995492449853504,0.49707081942899517,0.4868637667583865,0.5507585030228849,0.5995492449853504,0.7257671030794762,0.7368421052631579,0.27450980392156865,0.4,0.6363636363636364,0.7241379310344828,0.6774193548387096,0.27906976744186046,0.8,0.41379310344827586,biomedclip_vit_b16__linear_probe__shots2__seed2,biomedclip_vit_b16,fewshot_linear_probe,,,2,2,6,100000.0,0.5206315289648623,0.5206315289648623,0.49473684210526314,0.5995492449853504,0.49707081942899517,0.4868637667583865,0.7257671030794762,2
0.3473684210526316,0.3222447599729547,0.314544252044252,0.363348712690818,0.342156862745098,0.3222447599729547,0.49977708115639147,0.6,0.35294117647058826,0.4444444444444444,0.25,0.41379310344827586,0.3116883116883117,0.17647058823529413,0.2,0.1875,biomedclip_vit_b16__linear_probe__shots2__seed3,biomedclip_vit_b16,fewshot_linear_probe,,,2,3,6,10000.0,0.33211104413636056,0.33211104413636056,0.3473684210526316,0.3222447599729547,0.314544252044252,0.363348712690818,0.49977708115639147,2
0.6736842105263158,0.7156186612576064,0.6777395615917531,0.6763516074779947,0.6716374269005847,0.7156186612576064,0.81416282500461,0.8333333333333334,0.5882352941176471,0.6896551724137931,0.55,0.7586206896551724,0.6376811594202898,0.631578947368421,0.8,0.7058823529411765,biomedclip_vit_b16__linear_probe__shots2__seed4,biomedclip_vit_b16,fewshot_linear_probe,,,2,4,6,0.1,0.6294698494871057,0.6294698494871057,0.6736842105263158,0.7156186612576064,0.6777395615917531,0.6763516074779947,0.81416282500461,2
0.2736842105263158,0.3771917962587334,0.27312323039877223,0.2547340009943888,0.3135294117647059,0.3771917962587334,0.5943333947999262,0.47058823529411764,0.1568627450980392,0.23529411764705882,0.25,0.2413793103448276,0.24561403508771928,0.22,0.7333333333333333,0.3384615384615385,biomedclip_vit_b16__linear_probe__shots2__seed5,biomedclip_vit_b16,fewshot_linear_probe,,,2,5,6,100.0,0.3788358715759066,0.3788358715759066,0.2736842105263158,0.3771917962587334,0.27312323039877223,0.2547340009943888,0.5943333947999262,2
0.7263157894736842,0.7491097588460671,0.7249934456541237,0.7261136033360712,0.7088723275540282,0.7491097588460671,0.8368329338004794,0.7872340425531915,0.7254901960784313,0.7551020408163265,0.6551724137931034,0.6551724137931034,0.6551724137931034,0.6842105263157895,0.8666666666666667,0.7647058823529411,biomedclip_vit_b16__linear_probe__shots2__seed6,biomedclip_vit_b16,fewshot_linear_probe,,,2,6,6,100000.0,0.7173717863373036,0.7173717863373036,0.7263157894736842,0.7491097588460671,0.7249934456541237,0.7261136033360712,0.8368329338004794,2
0.6,0.5459995492449853,0.5450891541408782,0.6070665224068128,0.5502645502645503,0.5459995492449853,0.7518741676398877,0.7777777777777778,0.6862745098039216,0.7291666666666666,0.4444444444444444,0.5517241379310345,0.49230769230769234,0.42857142857142855,0.4,0.41379310344827586,biomedclip_vit_b16__linear_probe__shots2__seed7,biomedclip_vit_b16,fewshot_linear_probe,,,2,7,6,10000.0,0.5009620826259197,0.5009620826259197,0.6,0.5459995492449853,0.5450891541408782,0.6070665224068128,0.7518741676398877,2
0.6,0.6202839756592292,0.5706618962432916,0.6274066203074771,0.6582752613240418,0.6202839756592292,0.8525415923945335,0.825,0.6470588235294118,0.7252747252747253,0.8571428571428571,0.41379310344827586,0.5581395348837209,0.2926829268292683,0.8,0.42857142857142855,biomedclip_vit_b16__linear_probe__shots2__seed8,biomedclip_vit_b16,fewshot_linear_probe,,,2,8,6,10.0,0.6211775744780671,0.6211775744780671,0.6,0.6202839756592292,0.5706618962432916,0.6274066203074771,0.8525415923945335,2
0.5157894736842106,0.6043272481406355,0.5141093474426808,0.5157059314954052,0.5302861389817911,0.6043272481406355,0.7298956604585407,0.6666666666666666,0.43137254901960786,0.5238095238095238,0.5652173913043478,0.4482758620689655,0.5,0.358974358974359,0.9333333333333333,0.5185185185185185,biomedclip_vit_b16__linear_probe__shots2__seed9,biomedclip_vit_b16,fewshot_linear_probe,,,2,9,6,10.0,0.47391598915989164,0.47391598915989164,0.5157894736842106,0.6043272481406355,0.5141093474426808,0.5157059314954052,0.7298956604585407,2
0.4421052631578947,0.5486590038314176,0.44031543153521485,0.44577988455439793,0.5188895534290271,0.5486590038314176,0.7529123383940828,0.8947368421052632,0.3333333333333333,0.4857142857142857,0.34375,0.3793103448275862,0.36065573770491804,0.3181818181818182,0.9333333333333333,0.4745762711864407,biomedclip_vit_b16__linear_probe__shots2__seed10,biomedclip_vit_b16,fewshot_linear_probe,,,2,10,6,10.0,0.44924958082852817,0.44924958082852817,0.4421052631578947,0.5486590038314176,0.44031543153521485,0.44577988455439793,0.7529123383940828,2
0.6526315789473685,0.7083164300202839,0.6448412698412699,0.6592105263157895,0.6438993105659772,0.7083164300202839,0.8122855840350769,0.8787878787878788,0.5686274509803921,0.6904761904761905,0.5714285714285714,0.6896551724137931,0.625,0.48148148148148145,0.8666666666666667,0.6190476190476191,biomedclip_vit_b16__linear_probe__shots4__seed1,biomedclip_vit_b16,fewshot_linear_probe,,,4,1,12,10.0,0.6552041596970993,0.6552041596970993,0.6526315789473685,0.7083164300202839,0.6448412698412699,0.6592105263157895,0.8122855840350769,4
0.6947368421052632,0.6717151228307415,0.6659357442862598,0.6981043674478291,0.6641943734015346,0.6717151228307415,0.8197316470998013,0.8043478260869565,0.7254901960784313,0.7628865979381443,0.5882352941176471,0.6896551724137931,0.6349206349206349,0.6,0.6,0.6,biomedclip_vit_b16__linear_probe__shots4__seed2,biomedclip_vit_b16,fewshot_linear_probe,,,4,2,12,100000.0,0.7131694422416072,0.7131694422416072,0.6947368421052632,0.6717151228307415,0.6659357442862598,0.6981043674478291,0.8197316470998013,4
0.6736842105263158,0.6578318683795357,0.6356976356976357,0.6786722049879945,0.6303553553553554,0.6578318683795357,0.8238779273464872,0.825,0.6470588235294118,0.7252747252747253,0.6216216216216216,0.7931034482758621,0.696969696969697,0.4444444444444444,0.5333333333333333,0.48484848484848486,biomedclip_vit_b16__linear_probe__shots4__seed3,biomedclip_vit_b16,fewshot_linear_probe,,,4,3,12,0.01,0.7472222222222222,0.7472222222222222,0.6736842105263158,0.6578318683795357,0.6356976356976357,0.6786722049879945,0.8238779273464872,4
0.7052631578947368,0.7088122605363983,0.6834276834276835,0.709609688557057,0.6757257257257256,0.7088122605363983,0.8657557829819494,0.85,0.6666666666666666,0.7472527472527473,0.6216216216216216,0.7931034482758621,0.696969696969697,0.5555555555555556,0.6666666666666666,0.6060606060606061,biomedclip_vit_b16__linear_probe__shots4__seed4,biomedclip_vit_b16,fewshot_linear_probe,,,4,4,12,100.0,0.728019813126196,0.728019813126196,0.7052631578947368,0.7088122605363983,0.6834276834276835,0.709609688557057,0.8657557829819494,4
0.5894736842105263,0.6443092179400497,0.5750500200080032,0.600998925886144,0.5871459694989106,0.6443092179400497,0.7720202020202022,0.8235294117647058,0.5490196078431373,0.6588235294117647,0.5555555555555556,0.5172413793103449,0.5357142857142857,0.38235294117647056,0.8666666666666667,0.5306122448979592,biomedclip_vit_b16__linear_probe__shots4__seed5,biomedclip_vit_b16,fewshot_linear_probe,,,4,5,12,10.0,0.6611295681063122,0.6611295681063122,0.5894736842105263,0.6443092179400497,0.5750500200080032,0.600998925886144,0.7720202020202022,4
0.5789473684210527,0.6625647960333559,0.596588693957115,0.5728870421668205,0.5963181200097626,0.6625647960333559,0.8067485709017149,0.7586206896551724,0.43137254901960786,0.55,0.46511627906976744,0.6896551724137931,0.5555555555555556,0.5652173913043478,0.8666666666666667,0.6842105263157895,biomedclip_vit_b16__linear_probe__shots4__seed6,biomedclip_vit_b16,fewshot_linear_probe,,,4,6,12,1000.0,0.6594426033999042,0.6594426033999042,0.5789473684210527,0.6625647960333559,0.596588693957115,0.5728870421668205,0.8067485709017149,4
0.631578947368421,0.6853279242731576,0.6364333773501856,0.6312477288297144,0.6180872267828789,0.6853279242731576,0.8026958223205688,0.7435897435897436,0.5686274509803921,0.6444444444444445,0.5454545454545454,0.6206896551724138,0.5806451612903226,0.5652173913043478,0.8666666666666667,0.6842105263157895,biomedclip_vit_b16__linear_probe__shots4__seed7,biomedclip_vit_b16,fewshot_linear_probe,,,4,7,12,100.0,0.7107796544076429,0.7107796544076429,0.631578947368421,0.6853279242731576,0.6364333773501856,0.6312477288297144,0.8026958223205688,4
0.6631578947368421,0.7090827135451881,0.6548014077425842,0.6669905533063428,0.649178590355061,0.7090827135451881,0.8508541807527609,0.8529411764705882,0.5686274509803921,0.6823529411764706,0.5945945945945946,0.7586206896551724,0.6666666666666666,0.5,0.8,0.6153846153846154,biomedclip_vit_b16__linear_probe__shots4__seed8,biomedclip_vit_b16,fewshot_linear_probe,,,4,8,12,0.1,0.6297637441978773,0.6297637441978773,0.6631578947368421,0.7090827135451881,0.6548014077425842,0.6669905533063428,0.8508541807527609,4
0.6,0.5724137931034483,0.5582855582855583,0.6066094802936909,0.5573232323232323,0.5724137931034483,0.787348023849038,0.7083333333333334,0.6666666666666666,0.6868686868686869,0.6,0.5172413793103449,0.5555555555555556,0.36363636363636365,0.5333333333333333,0.43243243243243246,biomedclip_vit_b16__linear_probe__shots4__seed9,biomedclip_vit_b16,fewshot_linear_probe,,,4,9,12,10.0,0.6095265954853493,0.6095265954853493,0.6,0.5724137931034483,0.5582855582855583,0.6066094802936909,0.787348023849038,4
0.6631578947368421,0.6743745774171739,0.6369820655534941,0.6675519968753051,0.6481481481481481,0.6743745774171739,0.8407613661974717,0.75,0.7058823529411765,0.7272727272727273,0.75,0.5172413793103449,0.6122448979591837,0.4444444444444444,0.8,0.5714285714285714,biomedclip_vit_b16__linear_probe__shots4__seed10,biomedclip_vit_b16,fewshot_linear_probe,,,4,10,12,10.0,0.6641975308641975,0.6641975308641975,0.6631578947368421,0.6743745774171739,0.6369820655534941,0.6675519968753051,0.8407613661974717,4
0.6526315789473685,0.6571106603560964,0.6406487707594288,0.651843623990882,0.6314439946018894,0.6571106603560964,0.808777583133567,0.7,0.6862745098039216,0.693069306930693,0.6153846153846154,0.5517241379310345,0.5818181818181818,0.5789473684210527,0.7333333333333333,0.6470588235294118,biomedclip_vit_b16__linear_probe__shots8__seed1,biomedclip_vit_b16,fewshot_linear_probe,,,8,1,24,0.1,0.5993903971845148,0.5993903971845148,0.6526315789473685,0.6571106603560964,0.6406487707594288,0.651843623990882,0.808777583133567,8
0.6947368421052632,0.7047103899030877,0.6774074074074075,0.6876140350877193,0.6738544474393531,0.7047103899030877,0.8314246931792569,0.7358490566037735,0.7647058823529411,0.75,0.6666666666666666,0.4827586206896552,0.56,0.6190476190476191,0.8666666666666667,0.7222222222222222,biomedclip_vit_b16__linear_probe__shots8__seed2,biomedclip_vit_b16,fewshot_linear_probe,,,8,2,24,1.0,0.6936026936026937,0.6936026936026937,0.6947368421052632,0.7047103899030877,0.6774074074074075,0.6876140350877193,0.8314246931792569,8
0.6105263157894737,0.6764029749830968,0.6025316455696202,0.613901843215634,0.6172458172458173,0.6764029749830968,0.8628566599053414,0.8571428571428571,0.47058823529411764,0.6075949367088608,0.5945945945945946,0.7586206896551724,0.6666666666666666,0.4,0.8,0.5333333333333333,biomedclip_vit_b16__linear_probe__shots8__seed3,biomedclip_vit_b16,fewshot_linear_probe,,,8,3,24,1000.0,0.6924431456296128,0.6924431456296128,0.6105263157894737,0.6764029749830968,0.6025316455696202,0.613901843215634,0.8628566599053414,8
0.7157894736842105,0.7054315979265269,0.6921370627006929,0.7184150485220996,0.6829443734015346,0.7054315979265269,0.8461347757493801,0.8043478260869565,0.7254901960784313,0.7628865979381443,0.65625,0.7241379310344828,0.6885245901639344,0.5882352941176471,0.6666666666666666,0.625,biomedclip_vit_b16__linear_probe__shots8__seed4,biomedclip_vit_b16,fewshot_linear_probe,,,8,4,24,1000000.0,0.7064555052790347,0.7064555052790347,0.7157894736842105,0.7054315979265269,0.6921370627006929,0.7184150485220996,0.8461347757493801,8
0.6842105263157895,0.6494929006085193,0.6479909007849938,0.6844984587664832,0.6466666666666666,0.6494929006085193,0.8261185895465815,0.74,0.7254901960784313,0.7326732673267327,0.6666666666666666,0.6896551724137931,0.6779661016949152,0.5333333333333333,0.5333333333333333,0.5333333333333333,biomedclip_vit_b16__linear_probe__shots8__seed5,biomedclip_vit_b16,fewshot_linear_probe,,,8,5,24,1000.0,0.7606209150326797,0.7606209150326797,0.6842105263157895,0.6494929006085193,0.6479909007849938,0.6844984587664832,0.8261185895465815,8
0.6,0.6285778679287807,0.5917508417508418,0.602153110047847,0.5821535821535821,0.6285778679287807,0.7945255291249206,0.7297297297297297,0.5294117647058824,0.6136363636363636,0.5405405405405406,0.6896551724137931,0.6060606060606061,0.47619047619047616,0.6666666666666666,0.5555555555555556,biomedclip_vit_b16__linear_probe__shots8__seed6,biomedclip_vit_b16,fewshot_linear_probe,,,8,6,24,100000.0,0.6910210458597555,0.6910210458597555,0.6,0.6285778679287807,0.5917508417508418,0.602153110047847,0.7945255291249206,8
0.6842105263157895,0.7436105476673429,0.6935220935220935,0.6831303483935063,0.673156908451026,0.7436105476673429,0.8459550884094496,0.7948717948717948,0.6078431372549019,0.6888888888888889,0.5882352941176471,0.6896551724137931,0.6349206349206349,0.6363636363636364,0.9333333333333333,0.7567567567567568,biomedclip_vit_b16__linear_probe__shots8__seed7,biomedclip_vit_b16,fewshot_linear_probe,,,8,7,24,10.0,0.6825396825396824,0.6825396825396824,0.6842105263157895,0.7436105476673429,0.6935220935220935,0.6831303483935063,0.8459550884094496,8
0.6,0.6913229659679964,0.6099673202614379,0.5935139318885448,0.6081474932049645,0.6913229659679964,0.8073077632306841,0.7931034482758621,0.45098039215686275,0.575,0.5128205128205128,0.6896551724137931,0.5882352941176471,0.5185185185185185,0.9333333333333333,0.6666666666666666,biomedclip_vit_b16__linear_probe__shots8__seed8,biomedclip_vit_b16,fewshot_linear_probe,,,8,8,24,10.0,0.6964088899262199,0.6964088899262199,0.6,0.6913229659679964,0.6099673202614379,0.5935139318885448,0.8073077632306841,8
0.6947368421052632,0.7658327698895651,0.6951659451659452,0.6945203918888129,0.6795182279053247,0.7658327698895651,0.8351460856024749,0.8378378378378378,0.6078431372549019,0.7045454545454546,0.6451612903225806,0.6896551724137931,0.6666666666666666,0.5555555555555556,1.0,0.7142857142857143,biomedclip_vit_b16__linear_probe__shots8__seed9,biomedclip_vit_b16,fewshot_linear_probe,,,8,9,24,0.01,0.6880341880341881,0.6880341880341881,0.6947368421052632,0.7658327698895651,0.6951659451659452,0.6945203918888129,0.8351460856024749,8
0.631578947368421,0.7010141987829615,0.6278918214402086,0.6356227812934095,0.6255660048763497,0.7010141987829615,0.797567305919233,0.8484848484848485,0.5490196078431373,0.6666666666666666,0.5454545454545454,0.6206896551724138,0.5806451612903226,0.4827586206896552,0.9333333333333333,0.6363636363636364,biomedclip_vit_b16__linear_probe__shots8__seed10,biomedclip_vit_b16,fewshot_linear_probe,,,8,10,24,10.0,0.6067558057705842,0.6067558057705842,0.631578947368421,0.7010141987829615,0.6278918214402086,0.6356227812934095,0.797567305919233,8
0.6842105263157895,0.6808654496281271,0.6532984597500727,0.6929319812172104,0.6443466927337895,0.6808654496281271,0.872645880713832,0.8333333333333334,0.6862745098039216,0.7526881720430108,0.6451612903225806,0.6896551724137931,0.6666666666666666,0.45454545454545453,0.6666666666666666,0.5405405405405406,biomedclip_vit_b16__linear_probe__shots16__seed1,biomedclip_vit_b16,fewshot_linear_probe,,,16,1,48,100.0,0.7177794202184447,0.7177794202184447,0.6842105263157895,0.6808654496281271,0.6532984597500727,0.6929319812172104,0.872645880713832,16
0.5789473684210527,0.6262339418526031,0.5755016128150456,0.5817520264495913,0.5719696969696969,0.6262339418526031,0.7878698240006555,0.7575757575757576,0.49019607843137253,0.5952380952380952,0.5,0.6551724137931034,0.5671641791044776,0.4583333333333333,0.7333333333333333,0.5641025641025641,biomedclip_vit_b16__linear_probe__shots16__seed2,biomedclip_vit_b16,fewshot_linear_probe,,,16,2,48,1.0,0.7497354497354497,0.7497354497354497,0.5789473684210527,0.6262339418526031,0.5755016128150456,0.5817520264495913,0.7878698240006555,16
0.6736842105263158,0.7362632409285554,0.6726120166942279,0.6739714275056883,0.6688034188034188,0.7362632409285554,0.8914026164279715,0.875,0.5490196078431373,0.6746987951807228,0.5897435897435898,0.7931034482758621,0.6764705882352942,0.5416666666666666,0.8666666666666667,0.6666666666666666,biomedclip_vit_b16__linear_probe__shots16__seed3,biomedclip_vit_b16,fewshot_linear_probe,,,16,3,48,10.0,0.7716727716727716,0.7716727716727716,0.6736842105263158,0.7362632409285554,0.6726120166942279,0.6739714275056883,0.8914026164279715,16
0.7052631578947368,0.7195402298850575,0.6855921855921855,0.7108476319002635,0.6736227824463118,0.7195402298850575,0.8694366586760095,0.85,0.6666666666666666,0.7472527472527473,0.6470588235294118,0.7586206896551724,0.6984126984126984,0.5238095238095238,0.7333333333333333,0.6111111111111112,biomedclip_vit_b16__linear_probe__shots16__seed4,biomedclip_vit_b16,fewshot_linear_probe,,,16,4,48,1.0,0.7913807000394436,0.7913807000394436,0.7052631578947368,0.7195402298850575,0.6855921855921855,0.7108476319002635,0.8694366586760095,16
0.6842105263157895,0.7064683344602208,0.6714464062778669,0.68880065331869,0.6622332859174965,0.7064683344602208,0.8508762062818858,0.8421052631578947,0.6274509803921569,0.7191011235955056,0.5945945945945946,0.7586206896551724,0.6666666666666666,0.55,0.7333333333333333,0.6285714285714286,biomedclip_vit_b16__linear_probe__shots16__seed5,biomedclip_vit_b16,fewshot_linear_probe,,,16,5,48,1000000.0,0.7386773991809398,0.7386773991809398,0.6842105263157895,0.7064683344602208,0.6714464062778669,0.68880065331869,0.8508762062818858,16
0.7263157894736842,0.7491097588460671,0.7162379448093734,0.727232718510914,0.7029707880771711,0.7491097588460671,0.8781282398016678,0.7872340425531915,0.7254901960784313,0.7551020408163265,0.7307692307692307,0.6551724137931034,0.6909090909090909,0.5909090909090909,0.8666666666666667,0.7027027027027027,biomedclip_vit_b16__linear_probe__shots16__seed6,biomedclip_vit_b16,fewshot_linear_probe,,,16,6,48,1.0,0.6986054880791722,0.6986054880791722,0.7263157894736842,0.7491097588460671,0.7162379448093734,0.727232718510914,0.8781282398016678,16
0.7894736842105263,0.8131169709263015,0.7785938480853735,0.7918584597085935,0.7608946608946608,0.8131169709263015,0.9140901407584977,0.8636363636363636,0.7450980392156863,0.8,0.8,0.8275862068965517,0.8135593220338984,0.6190476190476191,0.8666666666666667,0.7222222222222222,biomedclip_vit_b16__linear_probe__shots16__seed7,biomedclip_vit_b16,fewshot_linear_probe,,,16,7,48,10000.0,0.7212590299277606,0.7212590299277606,0.7894736842105263,0.8131169709263015,0.7785938480853735,0.7918584597085935,0.9140901407584977,16
0.631578947368421,0.6217714672075726,0.6077508960573477,0.6324490662139218,0.598613586848881,0.6217714672075726,0.834782203372467,0.6888888888888889,0.6078431372549019,0.6458333333333334,0.6363636363636364,0.7241379310344828,0.6774193548387096,0.47058823529411764,0.5333333333333333,0.5,biomedclip_vit_b16__linear_probe__shots16__seed8,biomedclip_vit_b16,fewshot_linear_probe,,,16,8,48,10.0,0.7261867710046982,0.7261867710046982,0.631578947368421,0.6217714672075726,0.6077508960573477,0.6324490662139218,0.834782203372467,16
0.7578947368421053,0.7579896326346631,0.7445458831597446,0.758099118182495,0.7358024691358024,0.7579896326346631,0.8976489540434773,0.8,0.7843137254901961,0.7920792079207921,0.7407407407407407,0.6896551724137931,0.7142857142857143,0.6666666666666666,0.8,0.7272727272727273,biomedclip_vit_b16__linear_probe__shots16__seed9,biomedclip_vit_b16,fewshot_linear_probe,,,16,9,48,1000.0,0.7531382568976555,0.7531382568976555,0.7578947368421053,0.7579896326346631,0.7445458831597446,0.758099118182495,0.8976489540434773,16
0.7894736842105263,0.8131169709263015,0.7769109535066981,0.792288167226577,0.7589873658890913,0.8131169709263015,0.8757873870551357,0.8837209302325582,0.7450980392156863,0.8085106382978723,0.7741935483870968,0.8275862068965517,0.8,0.6190476190476191,0.8666666666666667,0.7222222222222222,biomedclip_vit_b16__linear_probe__shots16__seed10,biomedclip_vit_b16,fewshot_linear_probe,,,16,10,48,1.0,0.7581196581196581,0.7581196581196581,0.7894736842105263,0.8131169709263015,0.7769109535066981,0.792288167226577,0.8757873870551357,16
0.7263157894736842,0.7689429794906468,0.7210085788035226,0.7284685816804386,0.7054910002278424,0.7689429794906468,0.8772045505767615,0.868421052631579,0.6470588235294118,0.7415730337078652,0.6571428571428571,0.7931034482758621,0.71875,0.5909090909090909,0.8666666666666667,0.7027027027027027,biomedclip_vit_b16__linear_probe__shots32__seed1,biomedclip_vit_b16,fewshot_linear_probe,,,32,1,96,10.0,0.7442898433824023,0.7442898433824023,0.7263157894736842,0.7689429794906468,0.7210085788035226,0.7284685816804386,0.8772045505767615,32
0.6631578947368421,0.7247689880549921,0.6701939704369416,0.660995989321315,0.6566188197767145,0.7247689880549921,0.8626472637121724,0.8,0.5490196078431373,0.6511627906976745,0.5789473684210527,0.7586206896551724,0.6567164179104478,0.5909090909090909,0.8666666666666667,0.7027027027027027,biomedclip_vit_b16__linear_probe__shots32__seed2,biomedclip_vit_b16,fewshot_linear_probe,,,32,2,96,10.0,0.7591908091908092,0.7591908091908092,0.6631578947368421,0.7247689880549921,0.6701939704369416,0.660995989321315,0.8626472637121724,32
0.7157894736842105,0.7780933062880324,0.7113385973283876,0.7177468155167651,0.7002154708037062,0.7780933062880324,0.874336160796607,0.8857142857142857,0.6078431372549019,0.7209302325581395,0.6764705882352942,0.7931034482758621,0.7301587301587301,0.5384615384615384,0.9333333333333333,0.6829268292682927,biomedclip_vit_b16__linear_probe__shots32__seed3,biomedclip_vit_b16,fewshot_linear_probe,,,32,3,96,10.0,0.7146464646464646,0.7146464646464646,0.7157894736842105,0.7780933062880324,0.7113385973283876,0.7177468155167651,0.874336160796607,32
0.6842105263157895,0.7320712192923148,0.6932178932178932,0.6820505809979494,0.6858626919602528,0.7320712192923148,0.8547692441657958,0.8055555555555556,0.5686274509803921,0.6666666666666666,0.5853658536585366,0.8275862068965517,0.6857142857142857,0.6666666666666666,0.8,0.7272727272727273,biomedclip_vit_b16__linear_probe__shots32__seed4,biomedclip_vit_b16,fewshot_linear_probe,,,32,4,96,100.0,0.7417903733693207,0.7417903733693207,0.6842105263157895,0.7320712192923148,0.6932178932178932,0.6820505809979494,0.8547692441657958,32
0.7368421052631579,0.791165201712869,0.7351973684210527,0.7383829639889197,0.7192434670695541,0.791165201712869,0.8922032188005818,0.8918918918918919,0.6470588235294118,0.75,0.6571428571428571,0.7931034482758621,0.71875,0.6086956521739131,0.9333333333333333,0.7368421052631579,biomedclip_vit_b16__linear_probe__shots32__seed5,biomedclip_vit_b16,fewshot_linear_probe,,,32,5,96,10.0,0.7862200601331036,0.7862200601331036,0.7368421052631579,0.791165201712869,0.7351973684210527,0.7383829639889197,0.8922032188005818,32
0.7052631578947368,0.7244985350462024,0.6933419521654817,0.7075575817371482,0.6809454191033139,0.7244985350462024,0.8881578974327454,0.825,0.6470588235294118,0.7252747252747253,0.6388888888888888,0.7931034482758621,0.7076923076923077,0.5789473684210527,0.7333333333333333,0.6470588235294118,biomedclip_vit_b16__linear_probe__shots32__seed6,biomedclip_vit_b16,fewshot_linear_probe,,,32,6,96,100.0,0.7660922955040602,0.7660922955040602,0.7052631578947368,0.7244985350462024,0.6933419521654817,0.7075575817371482,0.8881578974327454,32
0.7368421052631579,0.78043723236421,0.734085598130542,0.7375678175559902,0.7180451127819549,0.78043723236421,0.9046001598131416,0.868421052631579,0.6470588235294118,0.7415730337078652,0.6666666666666666,0.8275862068965517,0.7384615384615385,0.6190476190476191,0.8666666666666667,0.7222222222222222,biomedclip_vit_b16__linear_probe__shots32__seed7,biomedclip_vit_b16,fewshot_linear_probe,,,32,7,96,10.0,0.78132648694908,0.78132648694908,0.7368421052631579,0.78043723236421,0.734085598130542,0.7375678175559902,0.9046001598131416,32
0.7263157894736842,0.7582150101419879,0.7155670796120234,0.7287958877314289,0.702172096908939,0.7582150101419879,0.8705122728297171,0.868421052631579,0.6470588235294118,0.7415730337078652,0.6666666666666666,0.8275862068965517,0.7384615384615385,0.5714285714285714,0.8,0.6666666666666666,biomedclip_vit_b16__linear_probe__shots32__seed8,biomedclip_vit_b16,fewshot_linear_probe,,,32,8,96,1.0,0.7461607949412827,0.7461607949412827,0.7263157894736842,0.7582150101419879,0.7155670796120234,0.7287958877314289,0.8705122728297171,32
0.6631578947368421,0.6942077980617535,0.6665455475258052,0.6640614010297252,0.6505075232125416,0.6942077980617535,0.8410082570123137,0.7441860465116279,0.6274509803921569,0.6808510638297872,0.5757575757575758,0.6551724137931034,0.6129032258064516,0.631578947368421,0.8,0.7058823529411765,biomedclip_vit_b16__linear_probe__shots32__seed9,biomedclip_vit_b16,fewshot_linear_probe,,,32,9,96,1.0,0.712863401035444,0.712863401035444,0.6631578947368421,0.6942077980617535,0.6665455475258052,0.6640614010297252,0.8410082570123137,32
0.7157894736842105,0.7673653369393735,0.7117719143127492,0.7160354746981933,0.6976650563607084,0.7673653369393735,0.8996099432458459,0.8611111111111112,0.6078431372549019,0.7126436781609196,0.6666666666666666,0.8275862068965517,0.7384615384615385,0.5652173913043478,0.8666666666666667,0.6842105263157895,biomedclip_vit_b16__linear_probe__shots32__seed10,biomedclip_vit_b16,fewshot_linear_probe,,,32,10,96,10.0,0.7530864197530863,0.7530864197530863,0.7157894736842105,0.7673653369393735,0.7117719143127492,0.7160354746981933,0.8996099432458459,32
0.30526315789473685,0.34315979265269325,0.3016860332649806,0.30312551714213765,0.3131931595178021,0.34315979265269325,0.4976558178130186,0.44,0.21568627450980393,0.2894736842105263,0.2926829268292683,0.41379310344827586,0.34285714285714286,0.20689655172413793,0.4,0.2727272727272727,unimedclip__linear_probe__shots1__seed1,unimedclip,fewshot_linear_probe,,,1,1,3,10.0,0.4164527260179434,0.4164527260179434,0.30526315789473685,0.34315979265269325,0.3016860332649806,0.30312551714213765,0.4976558178130186,1
0.5263157894736842,0.40694162722560284,0.3954490204490204,0.4939403689403689,0.6607843137254902,0.40694162722560284,0.5970051939271006,0.6,0.7058823529411765,0.6486486486486487,0.38235294117647056,0.4482758620689655,0.4126984126984127,1.0,0.06666666666666667,0.125,unimedclip__linear_probe__shots1__seed2,unimedclip,fewshot_linear_probe,,,1,2,3,1000000.0,0.29636409865242813,0.29636409865242813,0.5263157894736842,0.40694162722560284,0.3954490204490204,0.4939403689403689,0.5970051939271006,1
0.4,0.3549244985350462,0.3533022567192184,0.41166403001500984,0.3695865537970801,0.3549244985350462,0.5453150162886472,0.6052631578947368,0.45098039215686275,0.5168539325842697,0.2727272727272727,0.41379310344827586,0.3287671232876712,0.23076923076923078,0.2,0.21428571428571427,unimedclip__linear_probe__shots1__seed3,unimedclip,fewshot_linear_probe,,,1,3,3,1000000.0,0.2995947259357063,0.2995947259357063,0.4,0.3549244985350462,0.3533022567192184,0.41166403001500984,0.5453150162886472,1
0.29473684210526313,0.3646608068514762,0.28489061541607036,0.2993894263362352,0.3404373404373404,0.3646608068514762,0.541281527239945,0.5909090909090909,0.2549019607843137,0.3561643835616438,0.23809523809523808,0.1724137931034483,0.2,0.19230769230769232,0.6666666666666666,0.29850746268656714,unimedclip__linear_probe__shots1__seed4,unimedclip,fewshot_linear_probe,,,1,4,3,1e-06,0.39591794781434003,0.39591794781434003,0.29473684210526313,0.3646608068514762,0.28489061541607036,0.2993894263362352,0.541281527239945,1
0.37894736842105264,0.3377056569754338,0.33365070165997435,0.3843053010677956,0.33234222754244375,0.3377056569754338,0.542986917860143,0.5106382978723404,0.47058823529411764,0.4897959183673469,0.27586206896551724,0.27586206896551724,0.27586206896551724,0.21052631578947367,0.26666666666666666,0.23529411764705882,unimedclip__linear_probe__shots1__seed5,unimedclip,fewshot_linear_probe,,,1,5,3,0.1,0.4256410256410257,0.4256410256410257,0.37894736842105264,0.3377056569754338,0.33365070165997435,0.3843053010677956,0.542986917860143,1
0.4631578947368421,0.44615731350011273,0.44516900699134965,0.46607164574251125,0.44782608695652176,0.44615731350011273,0.5341111930665683,0.5434782608695652,0.49019607843137253,0.5154639175257731,0.37142857142857144,0.4482758620689655,0.40625,0.42857142857142855,0.4,0.41379310344827586,unimedclip__linear_probe__shots1__seed6,unimedclip,fewshot_linear_probe,,,1,6,3,1.0,0.4997078073866293,0.4997078073866293,0.4631578947368421,0.44615731350011273,0.44516900699134965,0.46607164574251125,0.5341111930665683,1
0.35789473684210527,0.4113590263691684,0.35393130301766096,0.34815940978855153,0.3624465811965812,0.4113590263691684,0.5798626733870141,0.4583333333333333,0.21568627450980393,0.29333333333333333,0.41025641025641024,0.5517241379310345,0.47058823529411764,0.21875,0.4666666666666667,0.2978723404255319,unimedclip__linear_probe__shots1__seed7,unimedclip,fewshot_linear_probe,,,1,7,3,10.0,0.4015608465608466,0.4015608465608466,0.35789473684210527,0.4113590263691684,0.35393130301766096,0.34815940978855153,0.5798626733870141,1
0.25263157894736843,0.29226955149876044,0.22427133015368308,0.24699523052464228,0.27090270070292266,0.29226955149876044,0.5037178580941258,0.4117647058823529,0.27450980392156865,0.32941176470588235,0.25,0.06896551724137931,0.10810810810810811,0.1509433962264151,0.5333333333333333,0.23529411764705882,unimedclip__linear_probe__shots1__seed8,unimedclip,fewshot_linear_probe,,,1,8,3,1.0,0.3264959875129367,0.3264959875129367,0.25263157894736843,0.29226955149876044,0.22427133015368308,0.24699523052464228,0.5037178580941258,1
0.4105263157894737,0.45476673427991887,0.42851405622489963,0.4080279010779962,0.4322250639386189,0.45476673427991887,0.5394958202716823,0.5,0.3137254901960784,0.3855421686746988,0.32608695652173914,0.5172413793103449,0.4,0.47058823529411764,0.5333333333333333,0.5,unimedclip__linear_probe__shots1__seed9,unimedclip,fewshot_linear_probe,,,1,9,3,1e-06,0.4288686459739091,0.4288686459739091,0.4105263157894737,0.45476673427991887,0.42851405622489963,0.4080279010779962,0.5394958202716823,1
0.29473684210526313,0.38368266846968674,0.29439595013365505,0.28256259127700023,0.4098039215686275,0.38368266846968674,0.573003462618067,0.7,0.13725490196078433,0.22950819672131148,0.35294117647058826,0.41379310344827586,0.38095238095238093,0.17647058823529413,0.6,0.2727272727272727,unimedclip__linear_probe__shots1__seed10,unimedclip,fewshot_linear_probe,,,1,10,3,10000.0,0.2897337528916476,0.2897337528916476,0.29473684210526313,0.38368266846968674,0.29439595013365505,0.28256259127700023,0.573003462618067,1
0.45263157894736844,0.5139057922019382,0.4436211407639979,0.4474989671982154,0.44761904761904764,0.5139057922019382,0.6391392115885016,0.55,0.43137254901960786,0.4835164835164835,0.45,0.3103448275862069,0.3673469387755102,0.34285714285714286,0.8,0.48,unimedclip__linear_probe__shots2__seed1,unimedclip,fewshot_linear_probe,,,2,1,6,100000.0,0.49626262626262624,0.49626262626262624,0.45263157894736844,0.5139057922019382,0.4436211407639979,0.4474989671982154,0.6391392115885016,2
0.3684210526315789,0.4764931259860266,0.3710157347235117,0.36222463607422467,0.45045518207282914,0.4764931259860266,0.6098142172229393,0.6875,0.21568627450980393,0.3283582089552239,0.42857142857142855,0.41379310344827586,0.42105263157894735,0.23529411764705882,0.8,0.36363636363636365,unimedclip__linear_probe__shots2__seed2,unimedclip,fewshot_linear_probe,,,2,2,6,10000.0,0.5379882910350553,0.5379882910350553,0.3684210526315789,0.4764931259860266,0.3710157347235117,0.36222463607422467,0.6098142172229393,2
0.3473684210526316,0.3536173089925625,0.33503344614455727,0.356202819360714,0.35000000000000003,0.3536173089925625,0.5059431536459934,0.5333333333333333,0.3137254901960784,0.3950617283950617,0.26666666666666666,0.41379310344827586,0.32432432432432434,0.25,0.3333333333333333,0.2857142857142857,unimedclip__linear_probe__shots2__seed3,unimedclip,fewshot_linear_probe,,,2,3,6,1000000.0,0.3215225835740515,0.3215225835740515,0.3473684210526316,0.3536173089925625,0.33503344614455727,0.356202819360714,0.5059431536459934,2
0.3894736842105263,0.3904890691908947,0.3690070540411286,0.4037788831835687,0.3777634130575307,0.3904890691908947,0.5889428258241645,0.5882352941176471,0.39215686274509803,0.47058823529411764,0.3142857142857143,0.3793103448275862,0.34375,0.23076923076923078,0.4,0.2926829268292683,unimedclip__linear_probe__shots2__seed4,unimedclip,fewshot_linear_probe,,,2,4,6,100000.0,0.49715762273901803,0.49715762273901803,0.3894736842105263,0.3904890691908947,0.3690070540411286,0.4037788831835687,0.5889428258241645,2
0.4105263157894737,0.3878746901059274,0.38499793856936715,0.4277845587995963,0.4135742878840534,0.3878746901059274,0.48647227856659897,0.48936170212765956,0.45098039215686275,0.46938775510204084,0.5789473684210527,0.3793103448275862,0.4583333333333333,0.1724137931034483,0.3333333333333333,0.22727272727272727,unimedclip__linear_probe__shots2__seed5,unimedclip,fewshot_linear_probe,,,2,5,6,100000.0,0.3738888888888889,0.3738888888888889,0.4105263157894737,0.3878746901059274,0.38499793856936715,0.4277845587995963,0.48647227856659897,2
0.47368421052631576,0.4535046202389002,0.4535046202389002,0.47368421052631576,0.4535046202389002,0.4535046202389002,0.5664650050197717,0.5490196078431373,0.5490196078431373,0.5490196078431373,0.3448275862068966,0.3448275862068966,0.3448275862068966,0.4666666666666667,0.4666666666666667,0.4666666666666667,unimedclip__linear_probe__shots2__seed6,unimedclip,fewshot_linear_probe,,,2,6,6,100.0,0.47941746453709105,0.47941746453709105,0.47368421052631576,0.4535046202389002,0.4535046202389002,0.47368421052631576,0.5664650050197717,2
0.45263157894736844,0.4511606941627225,0.4236485522749964,0.4572222597572236,0.41953379953379955,0.4511606941627225,0.6133620177433565,0.5909090909090909,0.5098039215686274,0.5473684210526316,0.36,0.3103448275862069,0.3333333333333333,0.3076923076923077,0.5333333333333333,0.3902439024390244,unimedclip__linear_probe__shots2__seed7,unimedclip,fewshot_linear_probe,,,2,7,6,1000000.0,0.47032679738562083,0.47032679738562083,0.45263157894736844,0.4511606941627225,0.4236485522749964,0.4572222597572236,0.6133620177433565,2
0.5263157894736842,0.49366689204417397,0.47433104295849393,0.5269455690508321,0.49906629318394025,0.49366689204417397,0.6495739340668346,0.7352941176470589,0.49019607843137253,0.5882352941176471,0.42857142857142855,0.7241379310344828,0.5384615384615384,0.3333333333333333,0.26666666666666666,0.2962962962962963,unimedclip__linear_probe__shots2__seed8,unimedclip,fewshot_linear_probe,,,2,8,6,1000.0,0.40466961978589894,0.40466961978589894,0.5263157894736842,0.49366689204417397,0.47433104295849393,0.5269455690508321,0.6495739340668346,2
0.3263157894736842,0.38679287807076856,0.331140350877193,0.30685595567867036,0.34234563390573625,0.38679287807076856,0.5709399266498658,0.42857142857142855,0.17647058823529413,0.25,0.29411764705882354,0.5172413793103449,0.375,0.30434782608695654,0.4666666666666667,0.3684210526315789,unimedclip__linear_probe__shots2__seed9,unimedclip,fewshot_linear_probe,,,2,9,6,100.0,0.4277340569877883,0.4277340569877883,0.3263157894736842,0.38679287807076856,0.331140350877193,0.30685595567867036,0.5709399266498658,2
0.43157894736842106,0.5371647509578544,0.4316340768454283,0.4450275080784699,0.5369875222816399,0.5371647509578544,0.7098525313991845,0.7727272727272727,0.3333333333333333,0.4657534246575342,0.5882352941176471,0.3448275862068966,0.43478260869565216,0.25,0.9333333333333333,0.39436619718309857,unimedclip__linear_probe__shots2__seed10,unimedclip,fewshot_linear_probe,,,2,10,6,1.0,0.48730114255471496,0.48730114255471496,0.43157894736842106,0.5371647509578544,0.4316340768454283,0.4450275080784699,0.7098525313991845,2
0.5157894736842106,0.520937570430471,0.4867191320972834,0.5356904867210042,0.5093697152520682,0.520937570430471,0.704977154916303,0.717948717948718,0.5490196078431373,0.6222222222222222,0.5454545454545454,0.41379310344827586,0.47058823529411764,0.2647058823529412,0.6,0.3673469387755102,unimedclip__linear_probe__shots4__seed1,unimedclip,fewshot_linear_probe,,,4,1,12,10000.0,0.622109158186864,0.622109158186864,0.5157894736842106,0.520937570430471,0.4867191320972834,0.5356904867210042,0.704977154916303,4
0.35789473684210527,0.42542258282623396,0.3442445547284257,0.3027454181359105,0.37508753501400566,0.42542258282623396,0.5987753805806544,0.42857142857142855,0.11764705882352941,0.18461538461538463,0.34375,0.7586206896551724,0.4731182795698925,0.35294117647058826,0.4,0.375,unimedclip__linear_probe__shots4__seed2,unimedclip,fewshot_linear_probe,,,4,2,12,100000.0,0.48222970445192664,0.48222970445192664,0.35789473684210527,0.42542258282623396,0.3442445547284257,0.3027454181359105,0.5987753805806544,4
0.49473684210526314,0.4599954924498535,0.45021467068603277,0.516866913790368,0.46223499194636714,0.4599954924498535,0.6082834429487574,0.7105263157894737,0.5294117647058824,0.6067415730337079,0.4838709677419355,0.5172413793103449,0.5,0.19230769230769232,0.3333333333333333,0.24390243902439024,unimedclip__linear_probe__shots4__seed3,unimedclip,fewshot_linear_probe,,,4,3,12,1e-06,0.5900240798073616,0.5900240798073616,0.49473684210526314,0.4599954924498535,0.45021467068603277,0.516866913790368,0.6082834429487574,4
0.5894736842105263,0.5898580121703855,0.5732815395262653,0.5919503399849836,0.6104040404040404,0.5898580121703855,0.7323464359620546,0.7878787878787878,0.5098039215686274,0.6190476190476191,0.46,0.7931034482758621,0.5822784810126582,0.5833333333333334,0.4666666666666667,0.5185185185185185,unimedclip__linear_probe__shots4__seed4,unimedclip,fewshot_linear_probe,,,4,4,12,1000.0,0.5134618141888466,0.5134618141888466,0.5894736842105263,0.5898580121703855,0.5732815395262653,0.5919503399849836,0.7323464359620546,4
0.43157894736842106,0.4801893171061528,0.41571761571761573,0.4337346863662653,0.4527777777777778,0.4801893171061528,0.6160326899829941,0.55,0.43137254901960786,0.4835164835164835,0.5333333333333333,0.27586206896551724,0.36363636363636365,0.275,0.7333333333333333,0.4,unimedclip__linear_probe__shots4__seed5,unimedclip,fewshot_linear_probe,,,4,5,12,100.0,0.4307436749297214,0.4307436749297214,0.43157894736842106,0.4801893171061528,0.41571761571761573,0.4337346863662653,0.6160326899829941,4
0.45263157894736844,0.47432950191570883,0.43367720841084617,0.4452401933295949,0.43564213564213566,0.47432950191570883,0.6594930542750015,0.5666666666666667,0.3333333333333333,0.41975308641975306,0.45454545454545453,0.6896551724137931,0.547945205479452,0.2857142857142857,0.4,0.3333333333333333,unimedclip__linear_probe__shots4__seed6,unimedclip,fewshot_linear_probe,,,4,6,12,100000.0,0.48062972680969285,0.48062972680969285,0.45263157894736844,0.47432950191570883,0.43367720841084617,0.4452401933295949,0.6594930542750015,4
0.5368421052631579,0.5125535271579896,0.49707602339181284,0.5471837488457987,0.4953886693017127,0.5125535271579896,0.7009746040526973,0.6818181818181818,0.5882352941176471,0.631578947368421,0.5,0.4827586206896552,0.49122807017543857,0.30434782608695654,0.4666666666666667,0.3684210526315789,unimedclip__linear_probe__shots4__seed7,unimedclip,fewshot_linear_probe,,,4,7,12,1000000.0,0.5462871966937007,0.5462871966937007,0.5368421052631579,0.5125535271579896,0.49707602339181284,0.5471837488457987,0.7009746040526973,4
0.4842105263157895,0.45345954473743516,0.47095959595959597,0.4897527910685805,0.5469669004552725,0.45345954473743516,0.6538017599934436,0.5777777777777777,0.5098039215686274,0.5416666666666666,0.3488372093023256,0.5172413793103449,0.4166666666666667,0.7142857142857143,0.3333333333333333,0.45454545454545453,unimedclip__linear_probe__shots4__seed8,unimedclip,fewshot_linear_probe,,,4,8,12,1000.0,0.5416845878136202,0.5416845878136202,0.4842105263157895,0.45345954473743516,0.47095959595959597,0.4897527910685805,0.6538017599934436,4
0.5263157894736842,0.4796033355871084,0.48276691468429994,0.5251036139267578,0.4904040404040404,0.4796033355871084,0.6500765259081689,0.6,0.5882352941176471,0.594059405940594,0.45454545454545453,0.5172413793103449,0.4838709677419355,0.4166666666666667,0.3333333333333333,0.37037037037037035,unimedclip__linear_probe__shots4__seed9,unimedclip,fewshot_linear_probe,,,4,9,12,100.0,0.5623408571058651,0.5623408571058651,0.5263157894736842,0.4796033355871084,0.48276691468429994,0.5251036139267578,0.6500765259081689,4
0.6105263157894737,0.6095109308091052,0.5858416945373467,0.6349058264390072,0.6096762790909817,0.6095109308091052,0.736262062818858,0.7560975609756098,0.6078431372549019,0.6739130434782609,0.782608695652174,0.6206896551724138,0.6923076923076923,0.2903225806451613,0.6,0.391304347826087,unimedclip__linear_probe__shots4__seed10,unimedclip,fewshot_linear_probe,,,4,10,12,10000.0,0.5578668894458368,0.5578668894458368,0.6105263157894737,0.6095109308091052,0.5858416945373467,0.6349058264390072,0.736262062818858,4
0.5473684210526316,0.514131169709263,0.5174645686865306,0.5466389441967825,0.5212201591511937,0.514131169709263,0.6309396705390621,0.6153846153846154,0.6274509803921569,0.6213592233009708,0.4482758620689655,0.4482758620689655,0.4482758620689655,0.5,0.4666666666666667,0.4827586206896552,unimedclip__linear_probe__shots8__seed1,unimedclip,fewshot_linear_probe,,,8,1,24,1000.0,0.5087253334676015,0.5087253334676015,0.5473684210526316,0.514131169709263,0.5174645686865306,0.5466389441967825,0.6309396705390621,8
0.5473684210526316,0.5554203290511608,0.5223808876195657,0.5607953789001268,0.525030525030525,0.5554203290511608,0.7323910504640727,0.717948717948718,0.5490196078431373,0.6222222222222222,0.5357142857142857,0.5172413793103449,0.5263157894736842,0.32142857142857145,0.6,0.4186046511627907,unimedclip__linear_probe__shots8__seed2,unimedclip,fewshot_linear_probe,,,8,2,24,100.0,0.4925691206715244,0.4925691206715244,0.5473684210526316,0.5554203290511608,0.5223808876195657,0.5607953789001268,0.7323910504640727,8
0.5368421052631579,0.5653820148749155,0.5167452146724624,0.5436942527905213,0.527281746031746,0.5653820148749155,0.7090341037146312,0.6666666666666666,0.5490196078431373,0.6021505376344086,0.5714285714285714,0.41379310344827586,0.48,0.34375,0.7333333333333333,0.46808510638297873,unimedclip__linear_probe__shots8__seed3,unimedclip,fewshot_linear_probe,,,8,3,24,100.0,0.5525381694179649,0.5525381694179649,0.5368421052631579,0.5653820148749155,0.5167452146724624,0.5436942527905213,0.7090341037146312,8
0.5473684210526316,0.5620013522650439,0.5209493307054283,0.5430334150231455,0.5150335775335776,0.5620013522650439,0.7330223635953859,0.6458333333333334,0.6078431372549019,0.6262626262626263,0.47619047619047616,0.3448275862068966,0.4,0.4230769230769231,0.7333333333333333,0.5365853658536586,unimedclip__linear_probe__shots8__seed4,unimedclip,fewshot_linear_probe,,,8,4,24,100000.0,0.6104407359863072,0.6104407359863072,0.5473684210526316,0.5620013522650439,0.5209493307054283,0.5430334150231455,0.7330223635953859,8
0.5157894736842106,0.48460671624971824,0.47049932523616733,0.5201636479863627,0.4717539189588879,0.48460671624971824,0.6747767738234268,0.6326530612244898,0.6078431372549019,0.62,0.4782608695652174,0.3793103448275862,0.4230769230769231,0.30434782608695654,0.4666666666666667,0.3684210526315789,unimedclip__linear_probe__shots8__seed5,unimedclip,fewshot_linear_probe,,,8,5,24,1000.0,0.6504779525131051,0.6504779525131051,0.5157894736842106,0.48460671624971824,0.47049932523616733,0.5201636479863627,0.6747767738234268,8
0.45263157894736844,0.4032905116069416,0.40261161936038786,0.45565885156240354,0.4043745157637524,0.4032905116069416,0.6388526748212345,0.574468085106383,0.5294117647058824,0.5510204081632653,0.35294117647058826,0.41379310344827586,0.38095238095238093,0.2857142857142857,0.26666666666666666,0.27586206896551724,unimedclip__linear_probe__shots8__seed6,unimedclip,fewshot_linear_probe,,,8,6,24,1000.0,0.49066293183940246,0.49066293183940246,0.45263157894736844,0.4032905116069416,0.40261161936038786,0.45565885156240354,0.6388526748212345,8
0.5789473684210527,0.5750281721884156,0.5612342186599611,0.5803402896680646,0.5566666666666666,0.5750281721884156,0.6665551560227017,0.62,0.6078431372549019,0.6138613861386139,0.6,0.5172413793103449,0.5555555555555556,0.45,0.6,0.5142857142857142,unimedclip__linear_probe__shots8__seed7,unimedclip,fewshot_linear_probe,,,8,7,24,100000.0,0.5448531254743724,0.5448531254743724,0.5789473684210527,0.5750281721884156,0.5612342186599611,0.5803402896680646,0.6665551560227017,8
0.4421052631578947,0.4652693261212531,0.4257816257816258,0.4480018227386649,0.42348626256672234,0.4652693261212531,0.5950651545884812,0.5897435897435898,0.45098039215686275,0.5111111111111111,0.37037037037037035,0.3448275862068966,0.35714285714285715,0.3103448275862069,0.6,0.4090909090909091,unimedclip__linear_probe__shots8__seed8,unimedclip,fewshot_linear_probe,,,8,8,24,1000.0,0.4299194614737349,0.4299194614737349,0.4421052631578947,0.4652693261212531,0.4257816257816258,0.4480018227386649,0.5950651545884812,8
0.5684210526315789,0.6560288483209376,0.5663117738670834,0.5743062582629103,0.6023684210526316,0.6560288483209376,0.8050412850615691,0.84,0.4117647058823529,0.5526315789473685,0.625,0.6896551724137931,0.6557377049180327,0.34210526315789475,0.8666666666666667,0.49056603773584906,unimedclip__linear_probe__shots8__seed9,unimedclip,fewshot_linear_probe,,,8,9,24,100000.0,0.5212201591511937,0.5212201591511937,0.5684210526315789,0.6560288483209376,0.5663117738670834,0.5743062582629103,0.8050412850615691,8
0.631578947368421,0.5606490872210953,0.5731583231583232,0.6241276267592056,0.5950735424419635,0.5606490872210953,0.7700129592066712,0.6842105263157895,0.7647058823529411,0.7222222222222222,0.5555555555555556,0.5172413793103449,0.5357142857142857,0.5454545454545454,0.4,0.46153846153846156,unimedclip__linear_probe__shots8__seed10,unimedclip,fewshot_linear_probe,,,8,10,24,1000000.0,0.4521811278789933,0.4521811278789933,0.631578947368421,0.5606490872210953,0.5731583231583232,0.6241276267592056,0.7700129592066712,8
0.6105263157894737,0.6664863646608069,0.6118067978533095,0.6096224460973544,0.5994708994708995,0.6664863646608069,0.7485628086135186,0.7428571428571429,0.5098039215686274,0.6046511627906976,0.5555555555555556,0.6896551724137931,0.6153846153846154,0.5,0.8,0.6153846153846154,unimedclip__linear_probe__shots16__seed1,unimedclip,fewshot_linear_probe,,,16,1,48,10000.0,0.5432353648275033,0.5432353648275033,0.6105263157894737,0.6664863646608069,0.6118067978533095,0.6096224460973544,0.7485628086135186,16
0.6736842105263158,0.6536849222447599,0.6414054065385785,0.6771491793538436,0.633096926713948,0.6536849222447599,0.8233818919417297,0.7659574468085106,0.7058823529411765,0.7346938775510204,0.6333333333333333,0.6551724137931034,0.6440677966101694,0.5,0.6,0.5454545454545454,unimedclip__linear_probe__shots16__seed2,unimedclip,fewshot_linear_probe,,,16,2,48,100000.0,0.6281019917848562,0.6281019917848562,0.6736842105263158,0.6536849222447599,0.6414054065385785,0.6771491793538436,0.8233818919417297,16
0.6421052631578947,0.6547216587784539,0.6162486938349008,0.6605263157894737,0.6241068654861758,0.6547216587784539,0.7982698178539963,0.8378378378378378,0.6078431372549019,0.7045454545454546,0.6896551724137931,0.6896551724137931,0.6896551724137931,0.3448275862068966,0.6666666666666666,0.45454545454545453,unimedclip__linear_probe__shots16__seed3,unimedclip,fewshot_linear_probe,,,16,3,48,100000.0,0.6085024154589371,0.6085024154589371,0.6421052631578947,0.6547216587784539,0.6162486938349008,0.6605263157894737,0.7982698178539963,16
0.5578947368421052,0.5776425512733829,0.5357079567605884,0.5724670527994628,0.541934791934792,0.5776425512733829,0.7658406068801606,0.7567567567567568,0.5490196078431373,0.6363636363636364,0.5357142857142857,0.5172413793103449,0.5263157894736842,0.3333333333333333,0.6666666666666666,0.4444444444444444,unimedclip__linear_probe__shots16__seed4,unimedclip,fewshot_linear_probe,,,16,4,48,1000000.0,0.6354009552538965,0.6354009552538965,0.5578947368421052,0.5776425512733829,0.5357079567605884,0.5724670527994628,0.7658406068801606,16
0.631578947368421,0.6787469010592743,0.6234121890091081,0.6324507031378189,0.62598205224689,0.6787469010592743,0.8281535179380007,0.8387096774193549,0.5098039215686274,0.6341463414634146,0.5609756097560976,0.7931034482758621,0.6571428571428571,0.4782608695652174,0.7333333333333333,0.5789473684210527,unimedclip__linear_probe__shots16__seed5,unimedclip,fewshot_linear_probe,,,16,5,48,1000000.0,0.639419060471692,0.639419060471692,0.631578947368421,0.6787469010592743,0.6234121890091081,0.6324507031378189,0.8281535179380007,16
0.6421052631578947,0.6860942077980617,0.6274509803921569,0.6540350877192983,0.6327008222643896,0.6860942077980617,0.7631133341528878,0.8529411764705882,0.5686274509803921,0.6823529411764706,0.6451612903225806,0.6896551724137931,0.6666666666666666,0.4,0.8,0.5333333333333333,unimedclip__linear_probe__shots16__seed6,unimedclip,fewshot_linear_probe,,,16,6,48,10.0,0.6039886039886039,0.6039886039886039,0.6421052631578947,0.6860942077980617,0.6274509803921569,0.6540350877192983,0.7631133341528878,16
0.5684210526315789,0.5949064683344601,0.5485008818342152,0.5966583124477861,0.5958689458689458,0.5949064683344601,0.7406671686438422,0.8055555555555556,0.5686274509803921,0.6666666666666666,0.7,0.4827586206896552,0.5714285714285714,0.28205128205128205,0.7333333333333333,0.4074074074074074,unimedclip__linear_probe__shots16__seed7,unimedclip,fewshot_linear_probe,,,16,7,48,10.0,0.6481564301331743,0.6481564301331743,0.5684210526315789,0.5949064683344601,0.5485008818342152,0.5966583124477861,0.7406671686438422,16
0.6,0.5616858237547894,0.5553099335090742,0.6071515890417245,0.5599999999999999,0.5616858237547894,0.7283991025877435,0.68,0.6666666666666666,0.6732673267326733,0.6666666666666666,0.5517241379310345,0.6037735849056604,0.3333333333333333,0.4666666666666667,0.3888888888888889,unimedclip__linear_probe__shots16__seed8,unimedclip,fewshot_linear_probe,,,16,8,48,10.0,0.6191919191919192,0.6191919191919192,0.6,0.5616858237547894,0.5553099335090742,0.6071515890417245,0.7283991025877435,16
0.5894736842105263,0.6005859815190444,0.5645709201264756,0.5983276509592299,0.5851851851851851,0.6005859815190444,0.7937773014116827,0.8666666666666667,0.5098039215686274,0.6419753086419753,0.4888888888888889,0.7586206896551724,0.5945945945945946,0.4,0.5333333333333333,0.45714285714285713,unimedclip__linear_probe__shots16__seed9,unimedclip,fewshot_linear_probe,,,16,9,48,1000000.0,0.6278735632183908,0.6278735632183908,0.5894736842105263,0.6005859815190444,0.5645709201264756,0.5983276509592299,0.7937773014116827,16
0.6526315789473685,0.6042821726391706,0.6086580086580087,0.6518386876281612,0.6147198480531815,0.6042821726391706,0.8017633228840125,0.6851851851851852,0.7254901960784313,0.7047619047619048,0.6923076923076923,0.6206896551724138,0.6545454545454545,0.4666666666666667,0.4666666666666667,0.4666666666666667,unimedclip__linear_probe__shots16__seed10,unimedclip,fewshot_linear_probe,,,16,10,48,100.0,0.6212219467226143,0.6212219467226143,0.6526315789473685,0.6042821726391706,0.6086580086580087,0.6518386876281612,0.8017633228840125,16
0.5789473684210527,0.5956727518593644,0.5634967922952034,0.5872540337935205,0.5653759820426486,0.5956727518593644,0.7545044255946892,0.6590909090909091,0.5686274509803921,0.6105263157894737,0.6666666666666666,0.5517241379310345,0.6037735849056604,0.37037037037037035,0.6666666666666666,0.47619047619047616,unimedclip__linear_probe__shots32__seed1,unimedclip,fewshot_linear_probe,,,32,1,96,10.0,0.5961862916831996,0.5961862916831996,0.5789473684210527,0.5956727518593644,0.5634967922952034,0.5872540337935205,0.7545044255946892,32
0.6526315789473685,0.6505296371422132,0.6280834914611005,0.6565398315523153,0.6177453437515357,0.6505296371422132,0.8338118507591125,0.7619047619047619,0.6274509803921569,0.6881720430107527,0.6176470588235294,0.7241379310344828,0.6666666666666666,0.47368421052631576,0.6,0.5294117647058824,unimedclip__linear_probe__shots32__seed2,unimedclip,fewshot_linear_probe,,,32,2,96,100.0,0.6315533685681307,0.6315533685681307,0.6526315789473685,0.6505296371422132,0.6280834914611005,0.6565398315523153,0.8338118507591125,32
0.6105263157894737,0.6268199233716475,0.5850539240086278,0.6069954677634855,0.5851386708529566,0.6268199233716475,0.7675030733296454,0.6938775510204082,0.6666666666666666,0.68,0.6,0.41379310344827586,0.4897959183673469,0.46153846153846156,0.8,0.5853658536585366,unimedclip__linear_probe__shots32__seed3,unimedclip,fewshot_linear_probe,,,32,3,96,10.0,0.6802767602767603,0.6802767602767603,0.6105263157894737,0.6268199233716475,0.5850539240086278,0.6069954677634855,0.7675030733296454,32
0.6105263157894737,0.6499887311246337,0.6117810929471591,0.6055874134312944,0.6058201058201058,0.6499887311246337,0.8100592128178334,0.7142857142857143,0.49019607843137253,0.5813953488372093,0.5476190476190477,0.7931034482758621,0.647887323943662,0.5555555555555556,0.6666666666666666,0.6060606060606061,unimedclip__linear_probe__shots32__seed4,unimedclip,fewshot_linear_probe,,,32,4,96,10.0,0.6842727719016378,0.6842727719016378,0.6105263157894737,0.6499887311246337,0.6117810929471591,0.6055874134312944,0.8100592128178334,32
0.6631578947368421,0.6777101645255802,0.6385928885928885,0.6724009908220435,0.6338544426779721,0.6777101645255802,0.8486091646690023,0.8378378378378378,0.6078431372549019,0.7045454545454546,0.6470588235294118,0.7586206896551724,0.6984126984126984,0.4166666666666667,0.6666666666666666,0.5128205128205128,unimedclip__linear_probe__shots32__seed5,unimedclip,fewshot_linear_probe,,,32,5,96,10000.0,0.6469413233458177,0.6469413233458177,0.6631578947368421,0.6777101645255802,0.6385928885928885,0.6724009908220435,0.8486091646690023,32
0.7157894736842105,0.7681766959657427,0.7111111111111109,0.7178947368421051,0.6945244003308519,0.7681766959657427,0.8422585899563587,0.8461538461538461,0.6470588235294118,0.7333333333333333,0.6774193548387096,0.7241379310344828,0.7,0.56,0.9333333333333333,0.7,unimedclip__linear_probe__shots32__seed6,unimedclip,fewshot_linear_probe,,,32,6,96,10.0,0.6944145758661887,0.6944145758661887,0.7157894736842105,0.7681766959657427,0.7111111111111109,0.7178947368421051,0.8422585899563587,32
0.7052631578947368,0.7665990534144692,0.7007565867463769,0.7080559216153448,0.6904115492350785,0.7665990534144692,0.8489359620546232,0.8857142857142857,0.6078431372549019,0.7209302325581395,0.6470588235294118,0.7586206896551724,0.6984126984126984,0.5384615384615384,0.9333333333333333,0.6829268292682927,unimedclip__linear_probe__shots32__seed7,unimedclip,fewshot_linear_probe,,,32,7,96,100.0,0.679985905567301,0.679985905567301,0.7052631578947368,0.7665990534144692,0.7007565867463769,0.7080559216153448,0.8489359620546232,32
0.6736842105263158,0.6941627225602884,0.6641774891774892,0.6740362269309637,0.6614706528623314,0.6941627225602884,0.857014977359805,0.8108108108108109,0.5882352941176471,0.6818181818181818,0.5853658536585366,0.8275862068965517,0.6857142857142857,0.5882352941176471,0.6666666666666666,0.625,unimedclip__linear_probe__shots32__seed8,unimedclip,fewshot_linear_probe,,,32,8,96,1000.0,0.6608194532293203,0.6608194532293203,0.6736842105263158,0.6941627225602884,0.6641774891774892,0.6740362269309637,0.857014977359805,32
0.6842105263157895,0.7015100292990759,0.6635828135828136,0.6937618995513732,0.6584084084084084,0.7015100292990759,0.8301958223205688,0.8918918918918919,0.6470588235294118,0.75,0.5833333333333334,0.7241379310344828,0.6461538461538462,0.5,0.7333333333333333,0.5945945945945946,unimedclip__linear_probe__shots32__seed9,unimedclip,fewshot_linear_probe,,,32,9,96,100.0,0.6034188034188034,0.6034188034188034,0.6842105263157895,0.7015100292990759,0.6635828135828136,0.6937618995513732,0.8301958223205688,32
0.6526315789473685,0.6819021861618211,0.6359769429536871,0.6608567931456549,0.6329365079365079,0.6819021861618211,0.8209437683119226,0.8571428571428571,0.5882352941176471,0.6976744186046512,0.5833333333333334,0.7241379310344828,0.6461538461538462,0.4583333333333333,0.7333333333333333,0.5641025641025641,unimedclip__linear_probe__shots32__seed10,unimedclip,fewshot_linear_probe,,,32,10,96,1000.0,0.7172713716857352,0.7172713716857352,0.6526315789473685,0.6819021861618211,0.6359769429536871,0.6608567931456549,0.8209437683119226,32
